﻿<?xml version="1.0" encoding="utf-8"?>
<LMT xmlns:xsi="http://www.w3.org/2001/XMLSchema-instance" xmlns:xsd="http://www.w3.org/2001/XMLSchema">
  <DocumentHeader SchemaVersion="1.2" ModificationDate="2014-11-11T15:31:12.9091072+01:00" CreationID="59" BuildInfo="12.0.560.0">
    <HashInfo SerialKey="" />
    <AutomationDeviceInfo DeviceType="DXR2.E12P" SVS="300" Units="0" />
  </DocumentHeader>
  <Entity Type="5">
    <Property Name="Present_Value" Value="False" Type="Siemens.BASys.BAModel.Logic.BoolValue" />
    <Property Name="Priority_Array" Value="[NULL|NULL|NULL|NULL|NULL|NULL|NULL|NULL|NULL|NULL|NULL|NULL|NULL|NULL|NULL|NULL]" Type="Siemens.BASys.BAModel.Logic.ArrayValue" />
    <Property Name="Ds1_Present_Priority" Value="17" Type="Siemens.BASys.BAModel.Logic.EnumValue`1[Siemens.BASys.BAModel.Logic.EBA_Present_Priority_Array_Index]" />
    <Property Name="Relinquish_Default" Value="False" Type="Siemens.BASys.BAModel.Logic.BoolValue" />
    <Property Name="Status_Flags" Value="{False|False|False|False}" Type="Siemens.BASys.BAModel.Logic.BitStringValue" />
    <Property Name="Reliability" Value="0" Type="Siemens.BASys.BAModel.Logic.EnumValue`1[Siemens.BASys.SDUDefinitions.BADefs.EBACnetReliability]" />
    <Property Name="Out_Of_Service" Value="False" Type="Siemens.BASys.BAModel.Logic.BoolValue" />
    <Property Name="Ds1_Ioaddress" Value="~" Type="Siemens.BASys.BAModel.Logic.StringValue" />
    <Property Name="Ds1_Update_Count" Value="0" Type="Siemens.BASys.BAModel.Logic.Value`1[System.UInt32]" />
    <Property Name="Inactive_Text" Value="68288512" Type="System.UInt32" />
    <Property Name="Active_Text" Value="68288513" Type="System.UInt32" />
    <Property Name="Event_State" Value="0" Type="Siemens.BASys.BAModel.Logic.EnumValue`1[Siemens.BASys.SDUDefinitions.BADefs.EBACnetEventState]" />
    <Property Name="Ds1_Ba_Object_Access" Value="6" Type="Siemens.BASys.BAModel.Logic.EnumValue`1[Siemens.BASys.SDUDefinitions.BADefs.EReadWriteAccessSensitivity]" />
    <Property Name="Ds1_Ba_Object_Usage" Value="0" Type="Siemens.BASys.BAModel.Logic.EnumValue`1[Siemens.BASys.SDUDefinitions.BADefs.EBA_Object_Usage]" />
    <Property Name="Description" Value="Enable radiator electric position value" Type="Siemens.BASys.BAModel.Logic.StringValue" />
    <Property Name="Object_Name" Value="Segment_208_1'HVAC_1'Rad'EnRadElPosVal" Type="Siemens.BASys.BAModel.Logic.StringValue" />
    <Property Name="Object_Identifier" Value="20971690" Type="Siemens.BASys.BAModel.Logic.ObjectIdentifierValue" />
    <Property Name="Object_Type" Value="5" Type="Siemens.BASys.BAModel.Logic.EnumValue`1[Siemens.BASys.SDUDefinitions.BADefs.EBACnetObjectType]" />
    <Property Name="Ds1_Ba_Prototype" Value="5" Type="Siemens.BASys.BAModel.Logic.EnumValue`1[Siemens.BASys.SDUDefinitions.BADefs.EBA_ObjPrototypeName]" />
    <Property Name="Profile_Name" Value="7-BA-RDS1-005-SBCv13.20" Type="Siemens.BASys.BAModel.Logic.StringValue" />
    <Property Name="StateTextReference" Value="91029505" Type="System.UInt32" />
    <Property Name="InterfaceName" Value="EnRadElPosVal" Type="String" />
    <Property Name="IsOwned" Value="True" Type="System.Boolean" />
    <Property Name="AutoConnect" Value="True" />
    <Property Name="PartName" Value="EnRadElPosVal" Type="TxG_BA_27724.62" />
    <Property Name="BaseName" Value="EnRadElPosVal" Type="" />
    <Property Name="TagAttribute" Value="None" Type="TagEnum" />
    <Property Name="DescriptionTextRef" Value="TxG_BA_27725.62" />
  </Entity>
</LMT>