﻿<?xml version="1.0" encoding="utf-8"?>
<LMT xmlns:xsi="http://www.w3.org/2001/XMLSchema-instance" xmlns:xsd="http://www.w3.org/2001/XMLSchema">
  <DocumentHeader SchemaVersion="1.2" ModificationDate="2014-11-11T15:31:12.8779071+01:00" CreationID="57" BuildInfo="12.0.560.0">
    <HashInfo SerialKey="" />
    <AutomationDeviceInfo DeviceType="DXR2.E12P" SVS="300" Units="0" />
  </DocumentHeader>
  <Entity Type="2">
    <Property Name="Present_Value" Value="NULL" Type="Siemens.BASys.BAModel.Logic.Value`1[System.Single]" />
    <Property Name="Priority_Array" Value="[NULL|NULL|NULL|NULL|NULL|NULL|NULL|NULL|NULL|NULL|NULL|NULL|NULL|NULL|NULL|NULL]" Type="Siemens.BASys.BAModel.Logic.ArrayValue" />
    <Property Name="Ds1_Present_Priority" Value="17" Type="Siemens.BASys.BAModel.Logic.EnumValue`1[Siemens.BASys.BAModel.Logic.EBA_Present_Priority_Array_Index]" />
    <Property Name="Relinquish_Default" Value="0" Type="Siemens.BASys.BAModel.Logic.Value`1[System.Single]" />
    <Property Name="Status_Flags" Value="{False|False|False|False}" Type="Siemens.BASys.BAModel.Logic.BitStringValue" />
    <Property Name="Reliability" Value="0" Type="Siemens.BASys.BAModel.Logic.EnumValue`1[Siemens.BASys.SDUDefinitions.BADefs.EBACnetReliability]" />
    <Property Name="Out_Of_Service" Value="False" Type="Siemens.BASys.BAModel.Logic.BoolValue" />
    <Property Name="Ds1_Ioaddress" Value="~" Type="Siemens.BASys.BAModel.Logic.StringValue" />
    <Property Name="Ds1_Update_Count" Value="0" Type="Siemens.BASys.BAModel.Logic.Value`1[System.UInt32]" />
    <Property Name="Units" Value="98" Type="Siemens.BASys.BAModel.Logic.EnumValue`1[Siemens.BASys.BAModel.Logic.EBACnetEngineeringUnits]" />
    <Property Name="Resolution" Value="1" Type="Siemens.BASys.BAModel.Logic.Value`1[System.Single]" />
    <Property Name="Max_Pres_Value" Value="100" Type="Siemens.BASys.BAModel.Logic.Value`1[System.Single]" />
    <Property Name="Min_Pres_Value" Value="0" Type="Siemens.BASys.BAModel.Logic.Value`1[System.Single]" />
    <Property Name="Cov_Increment" Value="1" Type="Siemens.BASys.BAModel.Logic.Value`1[System.Single]" />
    <Property Name="Ds1_Io_Extension" Value="0" Type="Siemens.BASys.BAModel.Logic.EnumValue" />
    <Property Name="Event_State" Value="0" Type="Siemens.BASys.BAModel.Logic.EnumValue`1[Siemens.BASys.SDUDefinitions.BADefs.EBACnetEventState]" />
    <Property Name="Ds1_Ba_Object_Access" Value="6" Type="Siemens.BASys.BAModel.Logic.EnumValue`1[Siemens.BASys.SDUDefinitions.BADefs.EReadWriteAccessSensitivity]" />
    <Property Name="Ds1_Ba_Object_Usage" Value="0" Type="Siemens.BASys.BAModel.Logic.EnumValue`1[Siemens.BASys.SDUDefinitions.BADefs.EBA_Object_Usage]" />
    <Property Name="Description" Value="Radiator electric position value" Type="Siemens.BASys.BAModel.Logic.StringValue" />
    <Property Name="Object_Name" Value="Segment_208_1'HVAC_1'Rad'RadElPosVal" Type="Siemens.BASys.BAModel.Logic.StringValue" />
    <Property Name="Object_Identifier" Value="8388850" Type="Siemens.BASys.BAModel.Logic.ObjectIdentifierValue" />
    <Property Name="Object_Type" Value="2" Type="Siemens.BASys.BAModel.Logic.EnumValue`1[Siemens.BASys.SDUDefinitions.BADefs.EBACnetObjectType]" />
    <Property Name="Ds1_Ba_Prototype" Value="2" Type="Siemens.BASys.BAModel.Logic.EnumValue`1[Siemens.BASys.SDUDefinitions.BADefs.EBA_ObjPrototypeName]" />
    <Property Name="Profile_Name" Value="7-BA-RDS1-002-SBCv13.20" Type="Siemens.BASys.BAModel.Logic.StringValue" />
    <Property Name="StateTextReference" Value="91029505" Type="System.UInt32" />
    <Property Name="InterfaceName" Value="RadElPosVal" Type="String" />
    <Property Name="IsOwned" Value="True" Type="System.Boolean" />
    <Property Name="AutoConnect" Value="True" />
    <Property Name="PartName" Value="RadElPosVal" Type="TxG_BA_27724.34" />
    <Property Name="BaseName" Value="RadElPosVal" Type="" />
    <Property Name="TagAttribute" Value="None" Type="TagEnum" />
    <Property Name="DescriptionTextRef" Value="TxG_BA_27725.34" />
  </Entity>
</LMT>