﻿<?xml version="1.0" encoding="utf-8"?>
<LMT xmlns:xsi="http://www.w3.org/2001/XMLSchema-instance" xmlns:xsd="http://www.w3.org/2001/XMLSchema">
  <DocumentHeader SchemaVersion="1.2" ModificationDate="2014-11-11T15:31:12.253906+01:00" CreationID="23" BuildInfo="12.0.560.0">
    <HashInfo SerialKey="" />
    <AutomationDeviceInfo DeviceType="DXR2.E12P" SVS="300" Units="0" />
  </DocumentHeader>
  <Entity Type="16">
    <Property Name="Present_Value" Value="1" Type="Siemens.BASys.BAModel.Logic.EnumValue" />
    <Property Name="Ds1_Tracking_Value" Value="1" Type="Siemens.BASys.BAModel.Logic.EnumValue" />
    <Property Name="Status_Flags" Value="{False|False|False|False}" Type="Siemens.BASys.BAModel.Logic.BitStringValue" />
    <Property Name="Reliability" Value="0" Type="Siemens.BASys.BAModel.Logic.EnumValue`1[Siemens.BASys.SDUDefinitions.BADefs.EBACnetReliability]" />
    <Property Name="Out_Of_Service" Value="False" Type="Siemens.BASys.BAModel.Logic.BoolValue" />
    <Property Name="Ds1_Ioaddress" Value="~" Type="Siemens.BASys.BAModel.Logic.StringValue" />
    <Property Name="Ds1_Update_Count" Value="0" Type="Siemens.BASys.BAModel.Logic.Value`1[System.UInt32]" />
    <Property Name="Number_Of_States" Value="17" Type="Siemens.BASys.BAModel.Logic.Value`1[System.Int32]" />
    <Property Name="State_Text" Value="1825046529|1825046530|1825046531|1825046532|1825046533|1825046534|1825046535|1825046536|1825046537|1825046538|1825046539|1825046540|1825046541|1825046542|1825046543|1825046544|1825046545|1825112063" Type="System.UInt32" />
    <Property Name="Event_State" Value="0" Type="Siemens.BASys.BAModel.Logic.EnumValue`1[Siemens.BASys.SDUDefinitions.BADefs.EBACnetEventState]" />
    <Property Name="Ds1_Ba_Object_Access" Value="5" Type="Siemens.BASys.BAModel.Logic.EnumValue`1[Siemens.BASys.SDUDefinitions.BADefs.EReadWriteAccessSensitivity]" />
    <Property Name="Ds1_Ba_Object_Usage" Value="0" Type="Siemens.BASys.BAModel.Logic.EnumValue`1[Siemens.BASys.SDUDefinitions.BADefs.EBA_Object_Usage]" />
    <Property Name="Description" Value="Supply air VAV air demand for plant mode" Type="Siemens.BASys.BAModel.Logic.StringValue" />
    <Property Name="Object_Name" Value="Segment_208_1'HVAC_1'VavSu'VavSuAirDmd" Type="Siemens.BASys.BAModel.Logic.StringValue" />
    <Property Name="Object_Identifier" Value="79692077" Type="Siemens.BASys.BAModel.Logic.ObjectIdentifierValue" />
    <Property Name="Object_Type" Value="19" Type="Siemens.BASys.BAModel.Logic.EnumValue`1[Siemens.BASys.SDUDefinitions.BADefs.EBACnetObjectType]" />
    <Property Name="Ds1_Ba_Prototype" Value="16" Type="Siemens.BASys.BAModel.Logic.EnumValue`1[Siemens.BASys.SDUDefinitions.BADefs.EBA_ObjPrototypeName]" />
    <Property Name="Profile_Name" Value="7-BA-RDS1-016-SBCv13.20" Type="Siemens.BASys.BAModel.Logic.StringValue" />
    <Property Name="StateTextReference" Value="91029505" Type="System.UInt32" />
    <Property Name="InterfaceName" Value="VavSuAirDmd" Type="String" />
    <Property Name="IsOwned" Value="True" Type="System.Boolean" />
    <Property Name="AutoConnect" Value="True" />
    <Property Name="PartName" Value="VavSuAirDmd" Type="TxG_BA_27792.21" />
    <Property Name="BaseName" Value="VavSuAirDmd" Type="" />
    <Property Name="TagAttribute" Value="None" Type="TagEnum" />
    <Property Name="DescriptionTextRef" Value="TxG_BA_27793.21" />
  </Entity>
</LMT>