﻿<?xml version="1.0" encoding="utf-8"?>
<LMT xmlns:xsi="http://www.w3.org/2001/XMLSchema-instance" xmlns:xsd="http://www.w3.org/2001/XMLSchema">
  <DocumentHeader SchemaVersion="1.2" ModificationDate="2014-11-11T15:31:12.4411064+01:00" CreationID="30" BuildInfo="12.0.560.0">
    <HashInfo SerialKey="" />
    <AutomationDeviceInfo DeviceType="DXR2.E12P" SVS="300" Units="0" />
  </DocumentHeader>
  <Entity Type="30">
    <Property Name="Ds1_Group_Category_Text" Value="SplyAir" Type="Siemens.BASys.BAModel.Logic.StringValue" />
    <Property Name="Ds1_Group_Category" Value="28362763" Type="Siemens.BASys.BAModel.Logic.Value`1[System.UInt32]" />
    <Property Name="Ds1_Group_Number" Value="4294967295" Type="Siemens.BASys.BAModel.Logic.Value`1[System.UInt32]" />
    <Property Name="Ds1_Group_Member_Tag" Value="~" Type="Siemens.BASys.BAModel.Logic.StringValue" />
    <Property Name="Ds1_Context_Reference" Value="(Unassigned|STR_VIEW,235)" Type="Siemens.BASys.BAModel.Logic.SequenceValue" />
    <Property Name="Ds1_Group_Master" Value="(Unassigned|Unassigned)" Type="Siemens.BASys.BAModel.Logic.SequenceValue" />
    <Property Name="Ds1_Group_Master_Context" Value="(Unassigned|Unassigned)" Type="Siemens.BASys.BAModel.Logic.SequenceValue" />
    <Property Name="Status_Flags" Value="{False|False|False|False}" Type="Siemens.BASys.BAModel.Logic.BitStringValue" />
    <Property Name="Reliability" Value="0" Type="Siemens.BASys.BAModel.Logic.EnumValue`1[Siemens.BASys.SDUDefinitions.BADefs.EBACnetReliability]" />
    <Property Name="Out_Of_Service" Value="True" Type="Siemens.BASys.BAModel.Logic.BoolValue" />
    <Property Name="Ds1_Item_Values_Object_Property_Ref" Value="[(Unassigned|Present value|65535|Unassigned|TDwp)|(Unassigned|Present value|65535|Unassigned|HuSen)|(Unassigned|Present value|65535|Unassigned|VavExPos)|(Unassigned|Present value|65535|Unassigned|VavSuPos)|(BVAL,215|Present value|65535|Unassigned|FanSuCstVal)|(BVAL,192|Present value|65535|Unassigned|FanExCstVal)|(Unassigned|Present value|65535|Unassigned|TPa)|(MVAL,254|Present value|65535|Unassigned|PltOpMod)|(Unassigned|Present value|65535|Unassigned|CdnMon)|(MVAL,300|Present value|65535|Unassigned|VavSuChovrCnd)|(AVAL,249|Present value|65535|Unassigned|ReHclPos)|(AVAL,412|Present value|65535|Unassigned|VavSuVntDmd)|(AO,2|Present value|65535|Unassigned|VavSuSpAirFl)|(AO,9|Present value|65535|Unassigned|VavExSpAirFl)|(AO,2|Present value|65535|Unassigned|VavSuSpAirFl)|(AO,9|Present value|65535|Unassigned|VavExSpAirFl)|(AVAL,414|Present value|65535|Unassigned|VavSuHDmd)|(AVAL,413|Present value|65535|Unassigned|VavSuCDmd)|(MVAL,259|Present value|65535|Unassigned|HCDmd)|(MVAL,301|Present value|65535|Unassigned|VavSuAirDmd)|(Unassigned|Present value|65535|Unassigned|AhuModCndVal)|(AVAL,426|Present value|65535|Unassigned|VavSuAirFlDvn)|(AVAL,321|Present value|65535|Unassigned|VavExAirFlDvn)|(BVAL,214|Present value|65535|Unassigned|VavSuAflStrtn)|(BVAL,213|Present value|65535|Unassigned|VavSuAirFlRlf)|(BVAL,194|Present value|65535|Unassigned|VavExAflStrtn)]" Type="Siemens.BASys.BAModel.Logic.ArrayValue" />
    <Property Name="Ds1_Item_Values_Reliability" Value="[No fault detected|No fault detected|No fault detected|No fault detected|No fault detected|No fault detected|No fault detected|No fault detected|No fault detected|No fault detected|No fault detected|No fault detected|No fault detected|No fault detected|No fault detected|No fault detected|No fault detected|No fault detected|No fault detected|No fault detected|No fault detected|No fault detected|No fault detected|No fault detected|No fault detected|No fault detected]" Type="Siemens.BASys.BAModel.Logic.ArrayValue" />
    <Property Name="Ds1_Item_Values_Operation" Value="[Read|Read|Read|Read|Update|Update|Update|Write|Read|Write|Read|Read|Write|Write|Read|Read|Read|Read|Read|Read|Update|Read|Read|Read|Write|Read]" Type="Siemens.BASys.BAModel.Logic.ArrayValue" />
    <Property Name="Ds1_Item_Values_Data_Tag_Number" Value="[26410020|26539010|26641411|26641412|28346381|28346383|28348420|28372993|28375045|28383246|28389472|28440595|28456962|28456963|28456980|28456983|28459012|28459013|28459014|28459020|28479489|28479495|28479496|28619851|28619852|28619853]" Type="Siemens.BASys.BAModel.Logic.ArrayValue" />
    <Property Name="Ds1_Item_Values" Value="[(RealVal:0)|(RealVal:0)|(RealVal:0)|(RealVal:0)|(UnsgVal:0)|(UnsgVal:0)|(RealVal:0)|(NullVal:NULL)|(UnsgVal:0)|(NullVal:NULL)|(RealVal:0)|(RealVal:0)|(NullVal:NULL)|(NullVal:NULL)|(RealVal:0)|(RealVal:0)|(RealVal:0)|(RealVal:0)|(UnsgVal:1)|(UnsgVal:1)|(UnsgVal:0)|(RealVal:0)|(RealVal:0)|(UnsgVal:0)|(UnsgVal:0)|(UnsgVal:0)]" Type="Siemens.BASys.BAModel.Logic.ArrayValue" />
    <Property Name="Ds1_Item_Values_Priority" Value="[16: Automatic mode 7|16: Automatic mode 7|16: Automatic mode 7|16: Automatic mode 7|16: Automatic mode 7|16: Automatic mode 7|16: Automatic mode 7|16: Automatic mode 7|16: Automatic mode 7|16: Automatic mode 7|16: Automatic mode 7|16: Automatic mode 7|16: Automatic mode 7|16: Automatic mode 7|16: Automatic mode 7|16: Automatic mode 7|16: Automatic mode 7|16: Automatic mode 7|16: Automatic mode 7|16: Automatic mode 7|16: Automatic mode 7|16: Automatic mode 7|16: Automatic mode 7|16: Automatic mode 7|16: Automatic mode 7|16: Automatic mode 7]" Type="Siemens.BASys.BAModel.Logic.ArrayValue" />
    <Property Name="Ds1_Collected_Data_Seq_Number" Value="0" Type="Siemens.BASys.BAModel.Logic.Value`1[System.UInt32]" />
    <Property Name="Event_State" Value="0" Type="Siemens.BASys.BAModel.Logic.EnumValue`1[Siemens.BASys.SDUDefinitions.BADefs.EBACnetEventState]" />
    <Property Name="Ds1_Ba_Object_Access" Value="3" Type="Siemens.BASys.BAModel.Logic.EnumValue`1[Siemens.BASys.SDUDefinitions.BADefs.EReadWriteAccessSensitivity]" />
    <Property Name="Ds1_Ba_Object_Usage" Value="0" Type="Siemens.BASys.BAModel.Logic.EnumValue`1[Siemens.BASys.SDUDefinitions.BADefs.EBA_Object_Usage]" />
    <Property Name="Description" Value="VAV supply chain for air" Type="Siemens.BASys.BAModel.Logic.StringValue" />
    <Property Name="Object_Name" Value="Segment_208_1'HVAC_1'VavSu'VavSplyAir" Type="Siemens.BASys.BAModel.Logic.StringValue" />
    <Property Name="Object_Identifier" Value="1073741840" Type="Siemens.BASys.BAModel.Logic.ObjectIdentifierValue" />
    <Property Name="Object_Type" Value="256" Type="Siemens.BASys.BAModel.Logic.EnumValue`1[Siemens.BASys.SDUDefinitions.BADefs.EBACnetObjectType]" />
    <Property Name="Ds1_Ba_Prototype" Value="30" Type="Siemens.BASys.BAModel.Logic.EnumValue`1[Siemens.BASys.SDUDefinitions.BADefs.EBA_ObjPrototypeName]" />
    <Property Name="Profile_Name" Value="7-BA-RDS1-030-SBCv13.20" Type="Siemens.BASys.BAModel.Logic.StringValue" />
    <Property Name="InterfaceName" Value="VavSplyAir" Type="String" />
    <Property Name="IsOwned" Value="True" Type="System.Boolean" />
    <Property Name="AutoConnect" Value="True" />
    <Property Name="PartName" Value="VavSplyAir" Type="TxG_BA_27666.11" />
    <Property Name="BaseName" Value="VavSplyAir" Type="TxG_BA_27666.11" />
    <Property Name="TagAttribute" Value="None" Type="TagEnum" />
    <Property Name="DescriptionTextRef" Value="TxG_BA_27667.11" />
    <OwnedBAObjects>
      <BAObject Name="TDwp" Type="1" Id="26410020" Description="TDwp" GroupMemberPropName="Present_Value" DefaultValue="0" Operation="2" DefaultPriority="16" BaseName="TDwp" BaseNameTextRef="TxG_BA_25791.36" ReplacementString="" TagAttribute="None" />
      <BAObject Name="HuSen" Type="1" Id="26539010" Description="HuSen" GroupMemberPropName="Present_Value" DefaultValue="0" Operation="2" DefaultPriority="16" BaseName="HuSen" BaseNameTextRef="TxG_BA_25917.2" ReplacementString="" TagAttribute="None" />
      <BAObject Name="VavExPos" Type="1" Id="26641411" Description="DmpPosEx" GroupMemberPropName="Present_Value" DefaultValue="0" Operation="2" DefaultPriority="16" BaseName="VavExPos" BaseNameTextRef="TxG_BA_27820.7" ReplacementString="" TagAttribute="None" />
      <BAObject Name="VavSuPos" Type="1" Id="26641412" Description="DmpPosSu" GroupMemberPropName="Present_Value" DefaultValue="0" Operation="2" DefaultPriority="16" BaseName="VavSuPos" BaseNameTextRef="TxG_BA_27820.6" ReplacementString="" TagAttribute="None" />
      <BAObject Name="FanSuCstVal" Type="14" Id="28346381" Description="FanSuCstVal" GroupMemberPropName="Present_Value" DefaultValue="False" Operation="1" DefaultPriority="16" BaseName="FanSuCstVal" BaseNameTextRef="TxG_BA_27682.13" ReplacementString="" TagAttribute="None" />
      <BAObject Name="FanExCstVal" Type="14" Id="28346383" Description="FanExCstVal" GroupMemberPropName="Present_Value" DefaultValue="False" Operation="1" DefaultPriority="16" BaseName="FanExCstVal" BaseNameTextRef="TxG_BA_27682.15" ReplacementString="" TagAttribute="None" />
      <BAObject Name="TPa" Type="12" Id="28348420" Description="TPa" GroupMemberPropName="Present_Value" DefaultValue="0" Operation="1" DefaultPriority="16" BaseName="TPa" BaseNameTextRef="TxG_BA_27684.4" ReplacementString="" TagAttribute="None" />
      <BAObject Name="PltOpMod" Type="8" Id="28372993" Description="PltOpMod" GroupMemberPropName="Present_Value" DefaultValue="" Operation="0" DefaultPriority="16" BaseName="PltOpMod" BaseNameTextRef="TxG_BA_3249.0" ReplacementString="" TagAttribute="None" />
      <BAObject Name="CdnMon" Type="4" Id="28375045" Description="CdnMon" GroupMemberPropName="Present_Value" DefaultValue="False" Operation="2" DefaultPriority="16" BaseName="CdnMon" BaseNameTextRef="TxG_BA_27710.5" ReplacementString="" TagAttribute="None" />
      <BAObject Name="VavSuChovrCnd" Type="8" Id="28383246" Description="ChovrCndAir" GroupMemberPropName="Present_Value" DefaultValue="" Operation="0" DefaultPriority="16" BaseName="VavSuChovrCnd" BaseNameTextRef="TxG_BA_27949.18" ReplacementString="" TagAttribute="None" />
      <BAObject Name="ReHclPos" Type="12" Id="28389472" Description="ReHclPos" GroupMemberPropName="Present_Value" DefaultValue="0" Operation="2" DefaultPriority="16" BaseName="ReHclPos" BaseNameTextRef="TxG_BA_27724.96" ReplacementString="" TagAttribute="None" />
      <BAObject Name="VavSuVntDmd" Type="12" Id="28440595" Description="AirFlMinCtld" GroupMemberPropName="Present_Value" DefaultValue="0" Operation="2" DefaultPriority="16" BaseName="VavSuVntDmd" BaseNameTextRef="TxG_BA_27792.23" ReplacementString="" TagAttribute="None" />
      <BAObject Name="VavSuSpAirFl" Type="3" Id="28456962" Description="SpAirFlSuOvrr" GroupMemberPropName="Present_Value" DefaultValue="NULL" Operation="0" DefaultPriority="16" BaseName="VavSuSpAirFl" BaseNameTextRef="TxG_BA_27790.20" ReplacementString="" TagAttribute="None" />
      <BAObject Name="VavExSpAirFl" Type="3" Id="28456963" Description="SpAirFlExOvrr" GroupMemberPropName="Present_Value" DefaultValue="NULL" Operation="0" DefaultPriority="16" BaseName="VavExSpAirFl" BaseNameTextRef="TxG_BA_27790.23" ReplacementString="" TagAttribute="None" />
      <BAObject Name="VavSuSpAirFl" Type="3" Id="28456980" Description="VavSuSpAirFl" GroupMemberPropName="Present_Value" DefaultValue="0" Operation="2" DefaultPriority="16" BaseName="VavSuSpAirFl" BaseNameTextRef="TxG_BA_27790.20" ReplacementString="" TagAttribute="None" />
      <BAObject Name="VavExSpAirFl" Type="3" Id="28456983" Description="VavExSpAirFl" GroupMemberPropName="Present_Value" DefaultValue="0" Operation="2" DefaultPriority="16" BaseName="VavExSpAirFl" BaseNameTextRef="TxG_BA_27790.23" ReplacementString="" TagAttribute="None" />
      <BAObject Name="VavSuHDmd" Type="12" Id="28459012" Description="TSuHDmd" GroupMemberPropName="Present_Value" DefaultValue="0" Operation="2" DefaultPriority="16" BaseName="VavSuHDmd" BaseNameTextRef="TxG_BA_27792.24" ReplacementString="" TagAttribute="None" />
      <BAObject Name="VavSuCDmd" Type="12" Id="28459013" Description="TSuCDmd" GroupMemberPropName="Present_Value" DefaultValue="0" Operation="2" DefaultPriority="16" BaseName="VavSuCDmd" BaseNameTextRef="TxG_BA_27792.22" ReplacementString="" TagAttribute="None" />
      <BAObject Name="HCDmd" Type="16" Id="28459014" Description="HCDmd" GroupMemberPropName="Present_Value" DefaultValue="1" Operation="2" DefaultPriority="16" BaseName="HCDmd" BaseNameTextRef="TxG_BA_27792.6" ReplacementString="" TagAttribute="None" />
      <BAObject Name="VavSuAirDmd" Type="16" Id="28459020" Description="AirDmd" GroupMemberPropName="Present_Value" DefaultValue="1" Operation="2" DefaultPriority="16" BaseName="VavSuAirDmd" BaseNameTextRef="TxG_BA_27792.21" ReplacementString="" TagAttribute="None" />
      <BAObject Name="AhuModCndVal" Type="14" Id="28479489" Description="AhuModCndVal" GroupMemberPropName="Present_Value" DefaultValue="False" Operation="1" DefaultPriority="16" BaseName="AhuModCndVal" BaseNameTextRef="TxG_BA_27812.1" ReplacementString="" TagAttribute="None" />
      <BAObject Name="VavSuAirFlDvn" Type="12" Id="28479495" Description="AirFlDvnSu" GroupMemberPropName="Present_Value" DefaultValue="0" Operation="2" DefaultPriority="16" BaseName="VavSuAirFlDvn" BaseNameTextRef="TxG_BA_27812.32" ReplacementString="" TagAttribute="None" />
      <BAObject Name="VavExAirFlDvn" Type="12" Id="28479496" Description="AirFlDvnEx" GroupMemberPropName="Present_Value" DefaultValue="0" Operation="2" DefaultPriority="16" BaseName="VavExAirFlDvn" BaseNameTextRef="TxG_BA_27812.34" ReplacementString="" TagAttribute="None" />
      <BAObject Name="VavSuAflStrtn" Type="14" Id="28619851" Description="VavSuAflStrtn" GroupMemberPropName="Present_Value" DefaultValue="False" Operation="2" DefaultPriority="16" BaseName="VavSuAflStrtn" BaseNameTextRef="TxG_BA_27949.75" ReplacementString="" TagAttribute="None" />
      <BAObject Name="VavSuAirFlRlf" Type="5" Id="28619852" Description="VavSuAirFlRlf" GroupMemberPropName="Present_Value" DefaultValue="False" Operation="0" DefaultPriority="16" BaseName="VavSuAirFlRlf" BaseNameTextRef="TxG_BA_27949.76" ReplacementString="" TagAttribute="None" />
      <BAObject Name="VavExAflStrtn" Type="14" Id="28619853" Description="VavExAflStrtn" GroupMemberPropName="Present_Value" DefaultValue="False" Operation="2" DefaultPriority="16" BaseName="VavExAflStrtn" BaseNameTextRef="TxG_BA_27949.77" ReplacementString="" TagAttribute="None" />
    </OwnedBAObjects>
  </Entity>
</LMT>