﻿<?xml version="1.0" encoding="utf-8"?>
<LMT xmlns:xsi="http://www.w3.org/2001/XMLSchema-instance" xmlns:xsd="http://www.w3.org/2001/XMLSchema">
  <DocumentHeader SchemaVersion="1.2" ModificationDate="2014-11-11T15:31:11.7703052+01:00" CreationID="0" BuildInfo="12.0.560.0">
    <HashInfo SerialKey="" />
    <AutomationDeviceInfo DeviceType="DXR2.E12P" SVS="300" Units="0" />
  </DocumentHeader>
  <Entity Type="44">
    <Property Name="Node_Type" Value="5" Type="Siemens.BASys.BAModel.Logic.EnumValue`1[Siemens.BASys.SDUDefinitions.BADefs.EBA_NodeType_SemanticTag]" />
    <Property Name="Node_Subtype" Value="RSegm" Type="Siemens.BASys.BAModel.Logic.StringValue" />
    <Property Name="Reliability" Value="0" Type="Siemens.BASys.BAModel.Logic.EnumValue`1[Siemens.BASys.SDUDefinitions.BADefs.EBACnetReliability]" />
    <Property Name="Subordinate_List" Value="[(Unassigned|GRPMBR,40)|(Unassigned|GRPMBR,39)|(Unassigned|MVAL,344)|(Unassigned|EVTERLMT,10)|(Unassigned|STR_VIEW,470)|(Unassigned|STR_VIEW,469)|(Unassigned|STR_VIEW,441)|(Unassigned|STR_VIEW,440)|(Unassigned|STR_VIEW,442)|(Unassigned|STR_VIEW,349)|(Unassigned|AO,2)|(Unassigned|AO,9)|(Unassigned|AO,93)|(Unassigned|STR_VIEW,217)]" Type="Siemens.BASys.BAModel.Logic.ArrayValue" />
    <Property Name="Subordinate_Annotations" Value="[RCtl|ROpUnCtl|Sta|StaMon|FvrRSegmCtl|FvrVavBox|FvrBalView|FvrSpAirFl|RSegmMnFtr|HVAC|VavSuSpAirFl|VavExSpAirFl|RadElPos(1)|ROpUnDev(1)]" Type="Siemens.BASys.BAModel.Logic.StringValueArray" />
    <Property Name="Ds1_Subordinate_Attributes" Value="[{True}|{True}|{True}|{True}|{True}|{True}|{True}|{True}|{True}|{True}|{True}|{True}|{True}|{True}]" Type="Siemens.BASys.BAModel.Logic.ArrayValue" />
    <Property Name="Ds1_Main_Index" Value="0" Type="Siemens.BASys.BAModel.Logic.Value`1[System.Int32]" />
    <Property Name="Ds1_Ba_Object_Access" Value="7" Type="Siemens.BASys.BAModel.Logic.EnumValue`1[Siemens.BASys.SDUDefinitions.BADefs.EReadWriteAccessSensitivity]" />
    <Property Name="Ds1_Ba_Object_Usage" Value="0" Type="Siemens.BASys.BAModel.Logic.EnumValue`1[Siemens.BASys.SDUDefinitions.BADefs.EBA_Object_Usage]" />
    <Property Name="Description" Value="Room segment" Type="Siemens.BASys.BAModel.Logic.StringValue" />
    <Property Name="Object_Name" Value="Segment_208_1" Type="Siemens.BASys.BAModel.Logic.StringValue" />
    <Property Name="Object_Identifier" Value="121635051" Type="Siemens.BASys.BAModel.Logic.ObjectIdentifierValue" />
    <Property Name="Object_Type" Value="29" Type="Siemens.BASys.BAModel.Logic.EnumValue`1[Siemens.BASys.SDUDefinitions.BADefs.EBACnetObjectType]" />
    <Property Name="Ds1_Ba_Prototype" Value="44" Type="Siemens.BASys.BAModel.Logic.EnumValue`1[Siemens.BASys.SDUDefinitions.BADefs.EBA_ObjPrototypeName]" />
    <Property Name="Profile_Name" Value="7-BA-RDS1-044-SBCv13.20" Type="Siemens.BASys.BAModel.Logic.StringValue" />
    <Property Name="InterfaceName" Value="Segment_208_1" Type="String" />
    <Property Name="IsOwned" Value="True" Type="System.Boolean" />
    <Property Name="AutoConnect" Value="True" />
    <Property Name="Node_SubtypeRef" Value="TxG_BA_25045.10" />
    <Property Name="PartName" Value="Segment_208_1" Type="" />
    <Property Name="BaseName" Value="Segment_208_1" Type="" />
    <Property Name="TagAttribute" Value="None" Type="TagEnum" />
    <Property Name="DescriptionTextRef" Value="TxG_BA_0.0" />
  </Entity>
</LMT>