﻿<?xml version="1.0" encoding="utf-8"?>
<LMT xmlns:xsi="http://www.w3.org/2001/XMLSchema-instance" xmlns:xsd="http://www.w3.org/2001/XMLSchema">
  <DocumentHeader SchemaVersion="1.2" ModificationDate="2014-11-11T15:31:12.815507+01:00" CreationID="52" BuildInfo="12.0.560.0">
    <HashInfo SerialKey="" />
    <AutomationDeviceInfo DeviceType="DXR2.E12P" SVS="300" Units="0" />
  </DocumentHeader>
  <Entity Type="40">
    <Property Name="Node_Type" Value="10" Type="Siemens.BASys.BAModel.Logic.EnumValue`1[Siemens.BASys.SDUDefinitions.BADefs.EBA_NodeType_SemanticTag]" />
    <Property Name="Node_Subtype" Value="AplFnctDummy" Type="Siemens.BASys.BAModel.Logic.StringValue" />
    <Property Name="Reliability" Value="0" Type="Siemens.BASys.BAModel.Logic.EnumValue`1[Siemens.BASys.SDUDefinitions.BADefs.EBACnetReliability]" />
    <Property Name="Subordinate_List" Value="[]" Type="Siemens.BASys.BAModel.Logic.ArrayValue" />
    <Property Name="Subordinate_Annotations" Value="[]" Type="Siemens.BASys.BAModel.Logic.StringValueArray" />
    <Property Name="Ds1_Subordinate_Attributes" Value="[]" Type="Siemens.BASys.BAModel.Logic.ArrayValue" />
    <Property Name="Ds1_Main_Index" Value="0" Type="Siemens.BASys.BAModel.Logic.Value`1[System.Int32]" />
    <Property Name="Ds1_Ba_Object_Access" Value="7" Type="Siemens.BASys.BAModel.Logic.EnumValue`1[Siemens.BASys.SDUDefinitions.BADefs.EReadWriteAccessSensitivity]" />
    <Property Name="Ds1_Ba_Object_Usage" Value="0" Type="Siemens.BASys.BAModel.Logic.EnumValue`1[Siemens.BASys.SDUDefinitions.BADefs.EBA_Object_Usage]" />
    <Property Name="Description" Value="Cooling coil" Type="Siemens.BASys.BAModel.Logic.StringValue" />
    <Property Name="Ds1_App_Config_Extension" Value="0" Type="Siemens.BASys.BAModel.Logic.EnumValue" />
    <Property Name="Object_Name" Value="Segment_208_1'HVAC_1'Ccl" Type="Siemens.BASys.BAModel.Logic.StringValue" />
    <Property Name="Object_Identifier" Value="121635181" Type="Siemens.BASys.BAModel.Logic.ObjectIdentifierValue" />
    <Property Name="Object_Type" Value="29" Type="Siemens.BASys.BAModel.Logic.EnumValue`1[Siemens.BASys.SDUDefinitions.BADefs.EBACnetObjectType]" />
    <Property Name="Ds1_Ba_Prototype" Value="40" Type="Siemens.BASys.BAModel.Logic.EnumValue`1[Siemens.BASys.SDUDefinitions.BADefs.EBA_ObjPrototypeName]" />
    <Property Name="Profile_Name" Value="7-BA-RDS1-040-SBCv13.20" Type="Siemens.BASys.BAModel.Logic.StringValue" />
    <Property Name="InterfaceName" Value="Ccl" Type="String" />
    <Property Name="IsOwned" Value="True" Type="System.Boolean" />
    <Property Name="AutoConnect" Value="True" />
    <Property Name="Node_SubtypeRef" Value="TxG_BA_27740.42" />
    <Property Name="PartName" Value="Ccl" Type="TxG_BA_25885.1" />
    <Property Name="BaseName" Value="Ccl" Type="" />
    <Property Name="TagAttribute" Value="None" Type="TagEnum" />
    <Property Name="DescriptionTextRef" Value="TxG_BA_25886.1" />
    <Property Name="Comment" Value="" IsDefault="True" Type="System.String" />
    <Property Name="ConnectedTo" Value="" />
    <OwnedBAObjects />
    <BoundedCharts>
      <Chart Name="Chart_Segment_208_1'HVAC_1'Ccl@CclDummy.xml" />
    </BoundedCharts>
  </Entity>
</LMT>