﻿<?xml version="1.0" encoding="utf-8"?>
<LMT xmlns:xsi="http://www.w3.org/2001/XMLSchema-instance" xmlns:xsd="http://www.w3.org/2001/XMLSchema">
  <DocumentHeader SchemaVersion="1.2" ModificationDate="2014-11-11T15:31:13.0027073+01:00" CreationID="67" BuildInfo="12.0.560.0">
    <HashInfo SerialKey="" />
    <AutomationDeviceInfo DeviceType="DXR2.E12P" SVS="300" Units="0" />
  </DocumentHeader>
  <Entity Type="40">
    <Property Name="Node_Type" Value="10" Type="Siemens.BASys.BAModel.Logic.EnumValue`1[Siemens.BASys.SDUDefinitions.BADefs.EBA_NodeType_SemanticTag]" />
    <Property Name="Node_Subtype" Value="RadEl11" Type="Siemens.BASys.BAModel.Logic.StringValue" />
    <Property Name="Reliability" Value="0" Type="Siemens.BASys.BAModel.Logic.EnumValue`1[Siemens.BASys.SDUDefinitions.BADefs.EBACnetReliability]" />
    <Property Name="Subordinate_List" Value="[(Unassigned|STR_VIEW,352)|(Unassigned|AVAL,242)|(Unassigned|STR_VIEW,353)|(Unassigned|BVAL,170)|(Unassigned|STR_VIEW,354)|(Unassigned|MVAL,255)|(Unassigned|AVAL,239)|(Unassigned|BVAL,168)|(Unassigned|AVAL,241)|(Unassigned|AVAL,240)]" Type="Siemens.BASys.BAModel.Logic.ArrayValue" />
    <Property Name="Subordinate_Annotations" Value="[RadElPosCol|RadElPosVal|EnRadElPosCol|EnRadElPosVal|RadOvrTDetCol|RadDevMod|RadHReq|RadAvlH|RadDndftVal|RadElPwr]" Type="Siemens.BASys.BAModel.Logic.StringValueArray" />
    <Property Name="Ds1_Subordinate_Attributes" Value="[{True}|{True}|{True}|{True}|{True}|{True}|{True}|{True}|{True}|{True}]" Type="Siemens.BASys.BAModel.Logic.ArrayValue" />
    <Property Name="Ds1_Main_Index" Value="2" Type="Siemens.BASys.BAModel.Logic.Value`1[System.Int32]" />
    <Property Name="Ds1_Ba_Object_Access" Value="7" Type="Siemens.BASys.BAModel.Logic.EnumValue`1[Siemens.BASys.SDUDefinitions.BADefs.EReadWriteAccessSensitivity]" />
    <Property Name="Ds1_Ba_Object_Usage" Value="0" Type="Siemens.BASys.BAModel.Logic.EnumValue`1[Siemens.BASys.SDUDefinitions.BADefs.EBA_Object_Usage]" />
    <Property Name="Description" Value="Radiator" Type="Siemens.BASys.BAModel.Logic.StringValue" />
    <Property Name="Ds1_App_Config_Extension_Version" Value="01.00" Type="Siemens.BASys.BAModel.Logic.StringValue" />
    <Property Name="EnOvrTDetIn" Value="False" Type="Siemens.BASys.BAModel.Logic.BoolValue" />
    <Property Name="NomElPwr" Value="0.4" Type="Siemens.BASys.BAModel.Logic.Value`1[System.Single]" />
    <Property Name="EnDndft" Value="True" Type="Siemens.BASys.BAModel.Logic.BoolValue" />
    <Property Name="X1DndftTOa" Value="-5" Type="Siemens.BASys.BAModel.Logic.Value`1[System.Single]" />
    <Property Name="Y1DndftElPos" Value="100" Type="Siemens.BASys.BAModel.Logic.Value`1[System.Single]" />
    <Property Name="X2DndftTOa" Value="10" Type="Siemens.BASys.BAModel.Logic.Value`1[System.Single]" />
    <Property Name="Y2DndftElPos" Value="0" Type="Siemens.BASys.BAModel.Logic.Value`1[System.Single]" />
    <Property Name="TUnit" Value="62" Type="Siemens.BASys.BAModel.Logic.EnumValue`1[Siemens.BASys.BAModel.Logic.EBACnetEngineeringUnits]" />
    <Property Name="Ds1_App_Config_Extension" Value="17" Type="Siemens.BASys.BAModel.Logic.EnumValue" />
    <Property Name="Object_Name" Value="Segment_208_1'HVAC_1'Rad" Type="Siemens.BASys.BAModel.Logic.StringValue" />
    <Property Name="Object_Identifier" Value="121635167" Type="Siemens.BASys.BAModel.Logic.ObjectIdentifierValue" />
    <Property Name="Object_Type" Value="29" Type="Siemens.BASys.BAModel.Logic.EnumValue`1[Siemens.BASys.SDUDefinitions.BADefs.EBACnetObjectType]" />
    <Property Name="Ds1_Ba_Prototype" Value="40" Type="Siemens.BASys.BAModel.Logic.EnumValue`1[Siemens.BASys.SDUDefinitions.BADefs.EBA_ObjPrototypeName]" />
    <Property Name="Profile_Name" Value="7-BA-RDS1-040-SBCv13.20" Type="Siemens.BASys.BAModel.Logic.StringValue" />
    <Property Name="InterfaceName" Value="Rad" Type="String" />
    <Property Name="IsOwned" Value="True" Type="System.Boolean" />
    <Property Name="AutoConnect" Value="True" />
    <Property Name="Node_SubtypeRef" Value="TxG_BA_27724.42" />
    <Property Name="PartName" Value="Rad" Type="TxG_BA_24897.0" />
    <Property Name="BaseName" Value="Rad" Type="" />
    <Property Name="TagAttribute" Value="None" Type="TagEnum" />
    <Property Name="DescriptionTextRef" Value="TxG_BA_24898.0" />
    <Property Name="Comment" Value="Version 1.0010" IsDefault="False" Type="System.String" />
    <Property Name="ConnectedTo" Value="" />
    <OwnedBAObjects>
      <BAObject Name="RadElPosCol" Type="BAVNObjectCollection" Id="1" BaseName="RadElPosCol" TagAttribute="None">
        <Property Name="Node_Type" Value="8" Type="Siemens.BASys.BAModel.Logic.EnumValue`1[Siemens.BASys.SDUDefinitions.BADefs.EBA_NodeType_SemanticTag]" />
        <Property Name="Node_Subtype" Value="~" Type="Siemens.BASys.BAModel.Logic.StringValue" />
        <Property Name="Reliability" Value="0" Type="Siemens.BASys.BAModel.Logic.EnumValue`1[Siemens.BASys.SDUDefinitions.BADefs.EBACnetReliability]" />
        <Property Name="Subordinate_List" Value="[(Unassigned|AO,93)]" Type="Siemens.BASys.BAModel.Logic.ArrayValue" />
        <Property Name="Subordinate_Annotations" Value="[RadElPos(*)]" Type="Siemens.BASys.BAModel.Logic.StringValueArray" />
        <Property Name="Ds1_Subordinate_Attributes" Value="[{False}]" Type="Siemens.BASys.BAModel.Logic.ArrayValue" />
        <Property Name="Ds1_Main_Index" Value="0" Type="Siemens.BASys.BAModel.Logic.Value`1[System.Int32]" />
        <Property Name="Ds1_Ba_Object_Access" Value="5" Type="Siemens.BASys.BAModel.Logic.EnumValue`1[Siemens.BASys.SDUDefinitions.BADefs.EReadWriteAccessSensitivity]" />
        <Property Name="Ds1_Ba_Object_Usage" Value="0" Type="Siemens.BASys.BAModel.Logic.EnumValue`1[Siemens.BASys.SDUDefinitions.BADefs.EBA_Object_Usage]" />
        <Property Name="Description" Value="Collection of radiator electric position" Type="Siemens.BASys.BAModel.Logic.StringValue" />
        <Property Name="Object_Name" Value="Segment_208_1'HVAC_1'Rad'RadElPosCol" Type="Siemens.BASys.BAModel.Logic.StringValue" />
        <Property Name="Object_Identifier" Value="121635168" Type="Siemens.BASys.BAModel.Logic.ObjectIdentifierValue" />
        <Property Name="Object_Type" Value="29" Type="Siemens.BASys.BAModel.Logic.EnumValue`1[Siemens.BASys.SDUDefinitions.BADefs.EBACnetObjectType]" />
        <Property Name="Ds1_Ba_Prototype" Value="41" Type="Siemens.BASys.BAModel.Logic.EnumValue`1[Siemens.BASys.SDUDefinitions.BADefs.EBA_ObjPrototypeName]" />
        <Property Name="Profile_Name" Value="7-BA-RDS1-041-SBCv13.20" Type="Siemens.BASys.BAModel.Logic.StringValue" />
        <Property Name="InterfaceName" Value="RadElPosCol" Type="String" />
        <Property Name="IsOwned" Value="True" Type="System.Boolean" />
        <Property Name="AutoConnect" Value="True" />
        <Property Name="PartName" Value="RadElPosCol" Type="TxG_BA_27724.58" />
        <Property Name="BaseName" Value="RadElPosCol" Type="" />
        <Property Name="TagAttribute" Value="None" Type="TagEnum" />
        <Property Name="DescriptionTextRef" Value="TxG_BA_27725.58" />
      </BAObject>
      <BAObject Name="RadElPosVal" Type="BAAnalogProcessValue" Id="2" TagAttribute="None">
        <Property Name="Present_Value" Value="NULL" Type="Siemens.BASys.BAModel.Logic.Value`1[System.Single]" />
        <Property Name="Priority_Array" Value="[NULL|NULL|NULL|NULL|NULL|NULL|NULL|NULL|NULL|NULL|NULL|NULL|NULL|NULL|NULL|NULL]" Type="Siemens.BASys.BAModel.Logic.ArrayValue" />
        <Property Name="Ds1_Present_Priority" Value="17" Type="Siemens.BASys.BAModel.Logic.EnumValue`1[Siemens.BASys.BAModel.Logic.EBA_Present_Priority_Array_Index]" />
        <Property Name="Relinquish_Default" Value="0" Type="Siemens.BASys.BAModel.Logic.Value`1[System.Single]" />
        <Property Name="Status_Flags" Value="{False|False|False|False}" Type="Siemens.BASys.BAModel.Logic.BitStringValue" />
        <Property Name="Reliability" Value="0" Type="Siemens.BASys.BAModel.Logic.EnumValue`1[Siemens.BASys.SDUDefinitions.BADefs.EBACnetReliability]" />
        <Property Name="Out_Of_Service" Value="False" Type="Siemens.BASys.BAModel.Logic.BoolValue" />
        <Property Name="Ds1_Ioaddress" Value="~" Type="Siemens.BASys.BAModel.Logic.StringValue" />
        <Property Name="Ds1_Update_Count" Value="0" Type="Siemens.BASys.BAModel.Logic.Value`1[System.UInt32]" />
        <Property Name="Units" Value="98" Type="Siemens.BASys.BAModel.Logic.EnumValue`1[Siemens.BASys.BAModel.Logic.EBACnetEngineeringUnits]" />
        <Property Name="Resolution" Value="1" Type="Siemens.BASys.BAModel.Logic.Value`1[System.Single]" />
        <Property Name="Max_Pres_Value" Value="100" Type="Siemens.BASys.BAModel.Logic.Value`1[System.Single]" />
        <Property Name="Min_Pres_Value" Value="0" Type="Siemens.BASys.BAModel.Logic.Value`1[System.Single]" />
        <Property Name="Cov_Increment" Value="1" Type="Siemens.BASys.BAModel.Logic.Value`1[System.Single]" />
        <Property Name="Ds1_Io_Extension" Value="0" Type="Siemens.BASys.BAModel.Logic.EnumValue" />
        <Property Name="Event_State" Value="0" Type="Siemens.BASys.BAModel.Logic.EnumValue`1[Siemens.BASys.SDUDefinitions.BADefs.EBACnetEventState]" />
        <Property Name="Ds1_Ba_Object_Access" Value="6" Type="Siemens.BASys.BAModel.Logic.EnumValue`1[Siemens.BASys.SDUDefinitions.BADefs.EReadWriteAccessSensitivity]" />
        <Property Name="Ds1_Ba_Object_Usage" Value="0" Type="Siemens.BASys.BAModel.Logic.EnumValue`1[Siemens.BASys.SDUDefinitions.BADefs.EBA_Object_Usage]" />
        <Property Name="Description" Value="Radiator electric position value" Type="Siemens.BASys.BAModel.Logic.StringValue" />
        <Property Name="Object_Name" Value="Segment_208_1'HVAC_1'Rad'RadElPosVal" Type="Siemens.BASys.BAModel.Logic.StringValue" />
        <Property Name="Object_Identifier" Value="8388850" Type="Siemens.BASys.BAModel.Logic.ObjectIdentifierValue" />
        <Property Name="Object_Type" Value="2" Type="Siemens.BASys.BAModel.Logic.EnumValue`1[Siemens.BASys.SDUDefinitions.BADefs.EBACnetObjectType]" />
        <Property Name="Ds1_Ba_Prototype" Value="2" Type="Siemens.BASys.BAModel.Logic.EnumValue`1[Siemens.BASys.SDUDefinitions.BADefs.EBA_ObjPrototypeName]" />
        <Property Name="Profile_Name" Value="7-BA-RDS1-002-SBCv13.20" Type="Siemens.BASys.BAModel.Logic.StringValue" />
        <Property Name="StateTextReference" Value="91029505" Type="System.UInt32" />
        <Property Name="InterfaceName" Value="RadElPosVal" Type="String" />
        <Property Name="IsOwned" Value="True" Type="System.Boolean" />
        <Property Name="AutoConnect" Value="True" />
        <Property Name="PartName" Value="RadElPosVal" Type="TxG_BA_27724.34" />
        <Property Name="BaseName" Value="RadElPosVal" Type="" />
        <Property Name="TagAttribute" Value="None" Type="TagEnum" />
        <Property Name="DescriptionTextRef" Value="TxG_BA_27725.34" />
      </BAObject>
      <BAObject Name="EnRadElPosCol" Type="BAVNObjectCollection" Id="3" BaseName="EnRadElPosCol" TagAttribute="None">
        <Property Name="Node_Type" Value="8" Type="Siemens.BASys.BAModel.Logic.EnumValue`1[Siemens.BASys.SDUDefinitions.BADefs.EBA_NodeType_SemanticTag]" />
        <Property Name="Node_Subtype" Value="~" Type="Siemens.BASys.BAModel.Logic.StringValue" />
        <Property Name="Reliability" Value="0" Type="Siemens.BASys.BAModel.Logic.EnumValue`1[Siemens.BASys.SDUDefinitions.BADefs.EBACnetReliability]" />
        <Property Name="Subordinate_List" Value="[(Unassigned|Unassigned)]" Type="Siemens.BASys.BAModel.Logic.ArrayValue" />
        <Property Name="Subordinate_Annotations" Value="[EnRadElPos(*)]" Type="Siemens.BASys.BAModel.Logic.StringValueArray" />
        <Property Name="Ds1_Subordinate_Attributes" Value="[{False}]" Type="Siemens.BASys.BAModel.Logic.ArrayValue" />
        <Property Name="Ds1_Main_Index" Value="0" Type="Siemens.BASys.BAModel.Logic.Value`1[System.Int32]" />
        <Property Name="Ds1_Ba_Object_Access" Value="5" Type="Siemens.BASys.BAModel.Logic.EnumValue`1[Siemens.BASys.SDUDefinitions.BADefs.EReadWriteAccessSensitivity]" />
        <Property Name="Ds1_Ba_Object_Usage" Value="0" Type="Siemens.BASys.BAModel.Logic.EnumValue`1[Siemens.BASys.SDUDefinitions.BADefs.EBA_Object_Usage]" />
        <Property Name="Description" Value="Collection of enable rad.electric pos." Type="Siemens.BASys.BAModel.Logic.StringValue" />
        <Property Name="Object_Name" Value="Segment_208_1'HVAC_1'Rad'EnRadElPosCol" Type="Siemens.BASys.BAModel.Logic.StringValue" />
        <Property Name="Object_Identifier" Value="121635169" Type="Siemens.BASys.BAModel.Logic.ObjectIdentifierValue" />
        <Property Name="Object_Type" Value="29" Type="Siemens.BASys.BAModel.Logic.EnumValue`1[Siemens.BASys.SDUDefinitions.BADefs.EBACnetObjectType]" />
        <Property Name="Ds1_Ba_Prototype" Value="41" Type="Siemens.BASys.BAModel.Logic.EnumValue`1[Siemens.BASys.SDUDefinitions.BADefs.EBA_ObjPrototypeName]" />
        <Property Name="Profile_Name" Value="7-BA-RDS1-041-SBCv13.20" Type="Siemens.BASys.BAModel.Logic.StringValue" />
        <Property Name="InterfaceName" Value="EnRadElPosCol" Type="String" />
        <Property Name="IsOwned" Value="True" Type="System.Boolean" />
        <Property Name="AutoConnect" Value="True" />
        <Property Name="PartName" Value="EnRadElPosCol" Type="TxG_BA_27724.61" />
        <Property Name="BaseName" Value="EnRadElPosCol" Type="" />
        <Property Name="TagAttribute" Value="None" Type="TagEnum" />
        <Property Name="DescriptionTextRef" Value="TxG_BA_27725.61" />
      </BAObject>
      <BAObject Name="EnRadElPosVal" Type="BABinaryProcessValue" Id="4" TagAttribute="None">
        <Property Name="Present_Value" Value="False" Type="Siemens.BASys.BAModel.Logic.BoolValue" />
        <Property Name="Priority_Array" Value="[NULL|NULL|NULL|NULL|NULL|NULL|NULL|NULL|NULL|NULL|NULL|NULL|NULL|NULL|NULL|NULL]" Type="Siemens.BASys.BAModel.Logic.ArrayValue" />
        <Property Name="Ds1_Present_Priority" Value="17" Type="Siemens.BASys.BAModel.Logic.EnumValue`1[Siemens.BASys.BAModel.Logic.EBA_Present_Priority_Array_Index]" />
        <Property Name="Relinquish_Default" Value="False" Type="Siemens.BASys.BAModel.Logic.BoolValue" />
        <Property Name="Status_Flags" Value="{False|False|False|False}" Type="Siemens.BASys.BAModel.Logic.BitStringValue" />
        <Property Name="Reliability" Value="0" Type="Siemens.BASys.BAModel.Logic.EnumValue`1[Siemens.BASys.SDUDefinitions.BADefs.EBACnetReliability]" />
        <Property Name="Out_Of_Service" Value="False" Type="Siemens.BASys.BAModel.Logic.BoolValue" />
        <Property Name="Ds1_Ioaddress" Value="~" Type="Siemens.BASys.BAModel.Logic.StringValue" />
        <Property Name="Ds1_Update_Count" Value="0" Type="Siemens.BASys.BAModel.Logic.Value`1[System.UInt32]" />
        <Property Name="Inactive_Text" Value="68288512" Type="System.UInt32" />
        <Property Name="Active_Text" Value="68288513" Type="System.UInt32" />
        <Property Name="Event_State" Value="0" Type="Siemens.BASys.BAModel.Logic.EnumValue`1[Siemens.BASys.SDUDefinitions.BADefs.EBACnetEventState]" />
        <Property Name="Ds1_Ba_Object_Access" Value="6" Type="Siemens.BASys.BAModel.Logic.EnumValue`1[Siemens.BASys.SDUDefinitions.BADefs.EReadWriteAccessSensitivity]" />
        <Property Name="Ds1_Ba_Object_Usage" Value="0" Type="Siemens.BASys.BAModel.Logic.EnumValue`1[Siemens.BASys.SDUDefinitions.BADefs.EBA_Object_Usage]" />
        <Property Name="Description" Value="Enable radiator electric position value" Type="Siemens.BASys.BAModel.Logic.StringValue" />
        <Property Name="Object_Name" Value="Segment_208_1'HVAC_1'Rad'EnRadElPosVal" Type="Siemens.BASys.BAModel.Logic.StringValue" />
        <Property Name="Object_Identifier" Value="20971690" Type="Siemens.BASys.BAModel.Logic.ObjectIdentifierValue" />
        <Property Name="Object_Type" Value="5" Type="Siemens.BASys.BAModel.Logic.EnumValue`1[Siemens.BASys.SDUDefinitions.BADefs.EBACnetObjectType]" />
        <Property Name="Ds1_Ba_Prototype" Value="5" Type="Siemens.BASys.BAModel.Logic.EnumValue`1[Siemens.BASys.SDUDefinitions.BADefs.EBA_ObjPrototypeName]" />
        <Property Name="Profile_Name" Value="7-BA-RDS1-005-SBCv13.20" Type="Siemens.BASys.BAModel.Logic.StringValue" />
        <Property Name="StateTextReference" Value="91029505" Type="System.UInt32" />
        <Property Name="InterfaceName" Value="EnRadElPosVal" Type="String" />
        <Property Name="IsOwned" Value="True" Type="System.Boolean" />
        <Property Name="AutoConnect" Value="True" />
        <Property Name="PartName" Value="EnRadElPosVal" Type="TxG_BA_27724.62" />
        <Property Name="BaseName" Value="EnRadElPosVal" Type="" />
        <Property Name="TagAttribute" Value="None" Type="TagEnum" />
        <Property Name="DescriptionTextRef" Value="TxG_BA_27725.62" />
      </BAObject>
      <BAObject Name="RadOvrTDetCol" Type="BAVNObjectCollection" Id="5" BaseName="RadOvrTDetCol" BaseNameTextRef="TxG_BA_27968.2" TagAttribute="None">
        <Property Name="Node_Type" Value="8" Type="Siemens.BASys.BAModel.Logic.EnumValue`1[Siemens.BASys.SDUDefinitions.BADefs.EBA_NodeType_SemanticTag]" />
        <Property Name="Node_Subtype" Value="~" Type="Siemens.BASys.BAModel.Logic.StringValue" />
        <Property Name="Reliability" Value="0" Type="Siemens.BASys.BAModel.Logic.EnumValue`1[Siemens.BASys.SDUDefinitions.BADefs.EBACnetReliability]" />
        <Property Name="Subordinate_List" Value="[(Unassigned|BVAL,169)|(Unassigned|Unassigned)]" Type="Siemens.BASys.BAModel.Logic.ArrayValue" />
        <Property Name="Subordinate_Annotations" Value="[RadOvrTDetRs|RadOvrTDet(*)]" Type="Siemens.BASys.BAModel.Logic.StringValueArray" />
        <Property Name="Ds1_Subordinate_Attributes" Value="[{True}|{False}]" Type="Siemens.BASys.BAModel.Logic.ArrayValue" />
        <Property Name="Ds1_Main_Index" Value="1" Type="Siemens.BASys.BAModel.Logic.Value`1[System.Int32]" />
        <Property Name="Ds1_Ba_Object_Access" Value="6" Type="Siemens.BASys.BAModel.Logic.EnumValue`1[Siemens.BASys.SDUDefinitions.BADefs.EReadWriteAccessSensitivity]" />
        <Property Name="Ds1_Ba_Object_Usage" Value="0" Type="Siemens.BASys.BAModel.Logic.EnumValue`1[Siemens.BASys.SDUDefinitions.BADefs.EBA_Object_Usage]" />
        <Property Name="Description" Value="Collection of radiator overtemp.detector" Type="Siemens.BASys.BAModel.Logic.StringValue" />
        <Property Name="Object_Name" Value="Segment_208_1'HVAC_1'Rad'RadOvrTDetCol" Type="Siemens.BASys.BAModel.Logic.StringValue" />
        <Property Name="Object_Identifier" Value="121635170" Type="Siemens.BASys.BAModel.Logic.ObjectIdentifierValue" />
        <Property Name="Object_Type" Value="29" Type="Siemens.BASys.BAModel.Logic.EnumValue`1[Siemens.BASys.SDUDefinitions.BADefs.EBACnetObjectType]" />
        <Property Name="Ds1_Ba_Prototype" Value="41" Type="Siemens.BASys.BAModel.Logic.EnumValue`1[Siemens.BASys.SDUDefinitions.BADefs.EBA_ObjPrototypeName]" />
        <Property Name="Profile_Name" Value="7-BA-RDS1-041-SBCv13.20" Type="Siemens.BASys.BAModel.Logic.StringValue" />
        <Property Name="InterfaceName" Value="RadOvrTDetCol" Type="String" />
        <Property Name="IsOwned" Value="True" Type="System.Boolean" />
        <Property Name="AutoConnect" Value="True" />
        <Property Name="PartName" Value="RadOvrTDetCol" Type="TxG_BA_27968.2" />
        <Property Name="BaseName" Value="RadOvrTDetCol" Type="TxG_BA_27968.2" />
        <Property Name="TagAttribute" Value="None" Type="TagEnum" />
        <Property Name="DescriptionTextRef" Value="TxG_BA_27969.2" />
      </BAObject>
      <BAObject Name="RadDevMod" Type="BAMultistateProcessValue" Id="6" TagAttribute="None">
        <Property Name="Present_Value" Value="0" Type="Siemens.BASys.BAModel.Logic.EnumValue" />
        <Property Name="Priority_Array" Value="[NULL|NULL|NULL|NULL|NULL|NULL|NULL|NULL|NULL|NULL|NULL|NULL|NULL|NULL|NULL|NULL]" Type="Siemens.BASys.BAModel.Logic.ArrayValue" />
        <Property Name="Ds1_Present_Priority" Value="17" Type="Siemens.BASys.BAModel.Logic.EnumValue`1[Siemens.BASys.BAModel.Logic.EBA_Present_Priority_Array_Index]" />
        <Property Name="Relinquish_Default" Value="1" Type="Siemens.BASys.BAModel.Logic.EnumValue" />
        <Property Name="Status_Flags" Value="{False|False|False|False}" Type="Siemens.BASys.BAModel.Logic.BitStringValue" />
        <Property Name="Reliability" Value="0" Type="Siemens.BASys.BAModel.Logic.EnumValue`1[Siemens.BASys.SDUDefinitions.BADefs.EBACnetReliability]" />
        <Property Name="Out_Of_Service" Value="False" Type="Siemens.BASys.BAModel.Logic.BoolValue" />
        <Property Name="Ds1_Ioaddress" Value="~" Type="Siemens.BASys.BAModel.Logic.StringValue" />
        <Property Name="Ds1_Update_Count" Value="0" Type="Siemens.BASys.BAModel.Logic.Value`1[System.UInt32]" />
        <Property Name="Number_Of_States" Value="5" Type="Siemens.BASys.BAModel.Logic.Value`1[System.Int32]" />
        <Property Name="State_Text" Value="1831469057|1831469058|1831469059|1831469060|1831469061|1831534591" Type="System.UInt32" />
        <Property Name="Event_State" Value="0" Type="Siemens.BASys.BAModel.Logic.EnumValue`1[Siemens.BASys.SDUDefinitions.BADefs.EBACnetEventState]" />
        <Property Name="Ds1_Ba_Object_Access" Value="5" Type="Siemens.BASys.BAModel.Logic.EnumValue`1[Siemens.BASys.SDUDefinitions.BADefs.EReadWriteAccessSensitivity]" />
        <Property Name="Ds1_Ba_Object_Usage" Value="0" Type="Siemens.BASys.BAModel.Logic.EnumValue`1[Siemens.BASys.SDUDefinitions.BADefs.EBA_Object_Usage]" />
        <Property Name="Description" Value="Radiator device mode" Type="Siemens.BASys.BAModel.Logic.StringValue" />
        <Property Name="Object_Name" Value="Segment_208_1'HVAC_1'Rad'RadDevMod" Type="Siemens.BASys.BAModel.Logic.StringValue" />
        <Property Name="Object_Identifier" Value="79692031" Type="Siemens.BASys.BAModel.Logic.ObjectIdentifierValue" />
        <Property Name="Object_Type" Value="19" Type="Siemens.BASys.BAModel.Logic.EnumValue`1[Siemens.BASys.SDUDefinitions.BADefs.EBACnetObjectType]" />
        <Property Name="Ds1_Ba_Prototype" Value="8" Type="Siemens.BASys.BAModel.Logic.EnumValue`1[Siemens.BASys.SDUDefinitions.BADefs.EBA_ObjPrototypeName]" />
        <Property Name="Profile_Name" Value="7-BA-RDS1-008-SBCv13.20" Type="Siemens.BASys.BAModel.Logic.StringValue" />
        <Property Name="StateTextReference" Value="91029505" Type="System.UInt32" />
        <Property Name="InterfaceName" Value="RadDevMod" Type="String" />
        <Property Name="IsOwned" Value="True" Type="System.Boolean" />
        <Property Name="AutoConnect" Value="True" />
        <Property Name="PartName" Value="RadDevMod" Type="TxG_BA_27724.0" />
        <Property Name="BaseName" Value="RadDevMod" Type="" />
        <Property Name="TagAttribute" Value="None" Type="TagEnum" />
        <Property Name="DescriptionTextRef" Value="TxG_BA_27725.0" />
      </BAObject>
      <BAObject Name="RadHReq" Type="BAAnalogCalculatedValue" Id="7" TagAttribute="None">
        <Property Name="Present_Value" Value="0" Type="Siemens.BASys.BAModel.Logic.Value`1[System.Single]" />
        <Property Name="Ds1_Tracking_Value" Value="0" Type="Siemens.BASys.BAModel.Logic.Value`1[System.Single]" />
        <Property Name="Status_Flags" Value="{False|False|False|False}" Type="Siemens.BASys.BAModel.Logic.BitStringValue" />
        <Property Name="Reliability" Value="0" Type="Siemens.BASys.BAModel.Logic.EnumValue`1[Siemens.BASys.SDUDefinitions.BADefs.EBACnetReliability]" />
        <Property Name="Out_Of_Service" Value="False" Type="Siemens.BASys.BAModel.Logic.BoolValue" />
        <Property Name="Ds1_Ioaddress" Value="~" Type="Siemens.BASys.BAModel.Logic.StringValue" />
        <Property Name="Ds1_Update_Count" Value="0" Type="Siemens.BASys.BAModel.Logic.Value`1[System.UInt32]" />
        <Property Name="Units" Value="98" Type="Siemens.BASys.BAModel.Logic.EnumValue`1[Siemens.BASys.BAModel.Logic.EBACnetEngineeringUnits]" />
        <Property Name="Resolution" Value="1" Type="Siemens.BASys.BAModel.Logic.Value`1[System.Single]" />
        <Property Name="Max_Pres_Value" Value="100" Type="Siemens.BASys.BAModel.Logic.Value`1[System.Single]" />
        <Property Name="Min_Pres_Value" Value="0" Type="Siemens.BASys.BAModel.Logic.Value`1[System.Single]" />
        <Property Name="Cov_Increment" Value="1" Type="Siemens.BASys.BAModel.Logic.Value`1[System.Single]" />
        <Property Name="Event_State" Value="0" Type="Siemens.BASys.BAModel.Logic.EnumValue`1[Siemens.BASys.SDUDefinitions.BADefs.EBACnetEventState]" />
        <Property Name="Ds1_Ba_Object_Access" Value="5" Type="Siemens.BASys.BAModel.Logic.EnumValue`1[Siemens.BASys.SDUDefinitions.BADefs.EReadWriteAccessSensitivity]" />
        <Property Name="Ds1_Ba_Object_Usage" Value="0" Type="Siemens.BASys.BAModel.Logic.EnumValue`1[Siemens.BASys.SDUDefinitions.BADefs.EBA_Object_Usage]" />
        <Property Name="Description" Value="Radiator heating request" Type="Siemens.BASys.BAModel.Logic.StringValue" />
        <Property Name="Object_Name" Value="Segment_208_1'HVAC_1'Rad'RadHReq" Type="Siemens.BASys.BAModel.Logic.StringValue" />
        <Property Name="Object_Identifier" Value="8388847" Type="Siemens.BASys.BAModel.Logic.ObjectIdentifierValue" />
        <Property Name="Object_Type" Value="2" Type="Siemens.BASys.BAModel.Logic.EnumValue`1[Siemens.BASys.SDUDefinitions.BADefs.EBACnetObjectType]" />
        <Property Name="Ds1_Ba_Prototype" Value="12" Type="Siemens.BASys.BAModel.Logic.EnumValue`1[Siemens.BASys.SDUDefinitions.BADefs.EBA_ObjPrototypeName]" />
        <Property Name="Profile_Name" Value="7-BA-RDS1-012-SBCv13.20" Type="Siemens.BASys.BAModel.Logic.StringValue" />
        <Property Name="StateTextReference" Value="91029505" Type="System.UInt32" />
        <Property Name="InterfaceName" Value="RadHReq" Type="String" />
        <Property Name="IsOwned" Value="True" Type="System.Boolean" />
        <Property Name="AutoConnect" Value="True" />
        <Property Name="PartName" Value="RadHReq" Type="TxG_BA_27832.13" />
        <Property Name="BaseName" Value="RadHReq" Type="" />
        <Property Name="TagAttribute" Value="None" Type="TagEnum" />
        <Property Name="DescriptionTextRef" Value="TxG_BA_27833.13" />
      </BAObject>
      <BAObject Name="RadAvlH" Type="BABinaryCalculatedValue" Id="8" TagAttribute="None">
        <Property Name="Present_Value" Value="False" Type="Siemens.BASys.BAModel.Logic.BoolValue" />
        <Property Name="Ds1_Tracking_Value" Value="False" Type="Siemens.BASys.BAModel.Logic.BoolValue" />
        <Property Name="Status_Flags" Value="{False|False|False|False}" Type="Siemens.BASys.BAModel.Logic.BitStringValue" />
        <Property Name="Reliability" Value="0" Type="Siemens.BASys.BAModel.Logic.EnumValue`1[Siemens.BASys.SDUDefinitions.BADefs.EBACnetReliability]" />
        <Property Name="Out_Of_Service" Value="False" Type="Siemens.BASys.BAModel.Logic.BoolValue" />
        <Property Name="Ds1_Ioaddress" Value="~" Type="Siemens.BASys.BAModel.Logic.StringValue" />
        <Property Name="Ds1_Update_Count" Value="0" Type="Siemens.BASys.BAModel.Logic.Value`1[System.UInt32]" />
        <Property Name="Inactive_Text" Value="70713344" Type="System.UInt32" />
        <Property Name="Active_Text" Value="70713345" Type="System.UInt32" />
        <Property Name="Event_State" Value="0" Type="Siemens.BASys.BAModel.Logic.EnumValue`1[Siemens.BASys.SDUDefinitions.BADefs.EBACnetEventState]" />
        <Property Name="Ds1_Ba_Object_Access" Value="3" Type="Siemens.BASys.BAModel.Logic.EnumValue`1[Siemens.BASys.SDUDefinitions.BADefs.EReadWriteAccessSensitivity]" />
        <Property Name="Ds1_Ba_Object_Usage" Value="0" Type="Siemens.BASys.BAModel.Logic.EnumValue`1[Siemens.BASys.SDUDefinitions.BADefs.EBA_Object_Usage]" />
        <Property Name="Description" Value="Radiator available for heating" Type="Siemens.BASys.BAModel.Logic.StringValue" />
        <Property Name="Object_Name" Value="Segment_208_1'HVAC_1'Rad'RadAvlH" Type="Siemens.BASys.BAModel.Logic.StringValue" />
        <Property Name="Object_Identifier" Value="20971688" Type="Siemens.BASys.BAModel.Logic.ObjectIdentifierValue" />
        <Property Name="Object_Type" Value="5" Type="Siemens.BASys.BAModel.Logic.EnumValue`1[Siemens.BASys.SDUDefinitions.BADefs.EBACnetObjectType]" />
        <Property Name="Ds1_Ba_Prototype" Value="14" Type="Siemens.BASys.BAModel.Logic.EnumValue`1[Siemens.BASys.SDUDefinitions.BADefs.EBA_ObjPrototypeName]" />
        <Property Name="Profile_Name" Value="7-BA-RDS1-014-SBCv13.20" Type="Siemens.BASys.BAModel.Logic.StringValue" />
        <Property Name="StateTextReference" Value="70778879" Type="System.UInt32" />
        <Property Name="InterfaceName" Value="RadAvlH" Type="String" />
        <Property Name="IsOwned" Value="True" Type="System.Boolean" />
        <Property Name="AutoConnect" Value="True" />
        <Property Name="PartName" Value="RadAvlH" Type="TxG_BA_27758.23" />
        <Property Name="BaseName" Value="RadAvlH" Type="" />
        <Property Name="TagAttribute" Value="None" Type="TagEnum" />
        <Property Name="DescriptionTextRef" Value="TxG_BA_27759.23" />
      </BAObject>
      <BAObject Name="RadDndftVal" Type="BAAnalogCalculatedValue" Id="9" TagAttribute="None">
        <Property Name="Present_Value" Value="0" Type="Siemens.BASys.BAModel.Logic.Value`1[System.Single]" />
        <Property Name="Ds1_Tracking_Value" Value="0" Type="Siemens.BASys.BAModel.Logic.Value`1[System.Single]" />
        <Property Name="Status_Flags" Value="{False|False|False|False}" Type="Siemens.BASys.BAModel.Logic.BitStringValue" />
        <Property Name="Reliability" Value="0" Type="Siemens.BASys.BAModel.Logic.EnumValue`1[Siemens.BASys.SDUDefinitions.BADefs.EBACnetReliability]" />
        <Property Name="Out_Of_Service" Value="False" Type="Siemens.BASys.BAModel.Logic.BoolValue" />
        <Property Name="Ds1_Ioaddress" Value="~" Type="Siemens.BASys.BAModel.Logic.StringValue" />
        <Property Name="Ds1_Update_Count" Value="0" Type="Siemens.BASys.BAModel.Logic.Value`1[System.UInt32]" />
        <Property Name="Units" Value="98" Type="Siemens.BASys.BAModel.Logic.EnumValue`1[Siemens.BASys.BAModel.Logic.EBACnetEngineeringUnits]" />
        <Property Name="Resolution" Value="1" Type="Siemens.BASys.BAModel.Logic.Value`1[System.Single]" />
        <Property Name="Max_Pres_Value" Value="100" Type="Siemens.BASys.BAModel.Logic.Value`1[System.Single]" />
        <Property Name="Min_Pres_Value" Value="0" Type="Siemens.BASys.BAModel.Logic.Value`1[System.Single]" />
        <Property Name="Cov_Increment" Value="1" Type="Siemens.BASys.BAModel.Logic.Value`1[System.Single]" />
        <Property Name="Event_State" Value="0" Type="Siemens.BASys.BAModel.Logic.EnumValue`1[Siemens.BASys.SDUDefinitions.BADefs.EBACnetEventState]" />
        <Property Name="Ds1_Ba_Object_Access" Value="3" Type="Siemens.BASys.BAModel.Logic.EnumValue`1[Siemens.BASys.SDUDefinitions.BADefs.EReadWriteAccessSensitivity]" />
        <Property Name="Ds1_Ba_Object_Usage" Value="0" Type="Siemens.BASys.BAModel.Logic.EnumValue`1[Siemens.BASys.SDUDefinitions.BADefs.EBA_Object_Usage]" />
        <Property Name="Description" Value="Radiator downdraft value" Type="Siemens.BASys.BAModel.Logic.StringValue" />
        <Property Name="Object_Name" Value="Segment_208_1'HVAC_1'Rad'RadDndftVal" Type="Siemens.BASys.BAModel.Logic.StringValue" />
        <Property Name="Object_Identifier" Value="8388849" Type="Siemens.BASys.BAModel.Logic.ObjectIdentifierValue" />
        <Property Name="Object_Type" Value="2" Type="Siemens.BASys.BAModel.Logic.EnumValue`1[Siemens.BASys.SDUDefinitions.BADefs.EBACnetObjectType]" />
        <Property Name="Ds1_Ba_Prototype" Value="12" Type="Siemens.BASys.BAModel.Logic.EnumValue`1[Siemens.BASys.SDUDefinitions.BADefs.EBA_ObjPrototypeName]" />
        <Property Name="Profile_Name" Value="7-BA-RDS1-012-SBCv13.20" Type="Siemens.BASys.BAModel.Logic.StringValue" />
        <Property Name="StateTextReference" Value="91029505" Type="System.UInt32" />
        <Property Name="InterfaceName" Value="RadDndftVal" Type="String" />
        <Property Name="IsOwned" Value="True" Type="System.Boolean" />
        <Property Name="AutoConnect" Value="True" />
        <Property Name="PartName" Value="RadDndftVal" Type="TxG_BA_27754.6" />
        <Property Name="BaseName" Value="RadDndftVal" Type="" />
        <Property Name="TagAttribute" Value="None" Type="TagEnum" />
        <Property Name="DescriptionTextRef" Value="TxG_BA_27755.6" />
      </BAObject>
      <BAObject Name="RadElPwr" Type="BAAnalogCalculatedValue" Id="10" TagAttribute="None">
        <Property Name="Present_Value" Value="0" Type="Siemens.BASys.BAModel.Logic.Value`1[System.Single]" />
        <Property Name="Ds1_Tracking_Value" Value="0" Type="Siemens.BASys.BAModel.Logic.Value`1[System.Single]" />
        <Property Name="Status_Flags" Value="{False|False|False|False}" Type="Siemens.BASys.BAModel.Logic.BitStringValue" />
        <Property Name="Reliability" Value="0" Type="Siemens.BASys.BAModel.Logic.EnumValue`1[Siemens.BASys.SDUDefinitions.BADefs.EBACnetReliability]" />
        <Property Name="Out_Of_Service" Value="False" Type="Siemens.BASys.BAModel.Logic.BoolValue" />
        <Property Name="Ds1_Ioaddress" Value="~" Type="Siemens.BASys.BAModel.Logic.StringValue" />
        <Property Name="Ds1_Update_Count" Value="0" Type="Siemens.BASys.BAModel.Logic.Value`1[System.UInt32]" />
        <Property Name="Units" Value="48" Type="Siemens.BASys.BAModel.Logic.EnumValue`1[Siemens.BASys.BAModel.Logic.EBACnetEngineeringUnits]" />
        <Property Name="Resolution" Value="0.01" Type="Siemens.BASys.BAModel.Logic.Value`1[System.Single]" />
        <Property Name="Max_Pres_Value" Value="10" Type="Siemens.BASys.BAModel.Logic.Value`1[System.Single]" />
        <Property Name="Min_Pres_Value" Value="0" Type="Siemens.BASys.BAModel.Logic.Value`1[System.Single]" />
        <Property Name="Cov_Increment" Value="0.01" Type="Siemens.BASys.BAModel.Logic.Value`1[System.Single]" />
        <Property Name="Event_State" Value="0" Type="Siemens.BASys.BAModel.Logic.EnumValue`1[Siemens.BASys.SDUDefinitions.BADefs.EBACnetEventState]" />
        <Property Name="Ds1_Ba_Object_Access" Value="6" Type="Siemens.BASys.BAModel.Logic.EnumValue`1[Siemens.BASys.SDUDefinitions.BADefs.EReadWriteAccessSensitivity]" />
        <Property Name="Ds1_Ba_Object_Usage" Value="0" Type="Siemens.BASys.BAModel.Logic.EnumValue`1[Siemens.BASys.SDUDefinitions.BADefs.EBA_Object_Usage]" />
        <Property Name="Description" Value="Radiator electric power" Type="Siemens.BASys.BAModel.Logic.StringValue" />
        <Property Name="Object_Name" Value="Segment_208_1'HVAC_1'Rad'RadElPwr" Type="Siemens.BASys.BAModel.Logic.StringValue" />
        <Property Name="Object_Identifier" Value="8388848" Type="Siemens.BASys.BAModel.Logic.ObjectIdentifierValue" />
        <Property Name="Object_Type" Value="2" Type="Siemens.BASys.BAModel.Logic.EnumValue`1[Siemens.BASys.SDUDefinitions.BADefs.EBACnetObjectType]" />
        <Property Name="Ds1_Ba_Prototype" Value="12" Type="Siemens.BASys.BAModel.Logic.EnumValue`1[Siemens.BASys.SDUDefinitions.BADefs.EBA_ObjPrototypeName]" />
        <Property Name="Profile_Name" Value="7-BA-RDS1-012-SBCv13.20" Type="Siemens.BASys.BAModel.Logic.StringValue" />
        <Property Name="StateTextReference" Value="91029505" Type="System.UInt32" />
        <Property Name="InterfaceName" Value="RadElPwr" Type="String" />
        <Property Name="IsOwned" Value="True" Type="System.Boolean" />
        <Property Name="AutoConnect" Value="True" />
        <Property Name="PartName" Value="RadElPwr" Type="TxG_BA_27724.18" />
        <Property Name="BaseName" Value="RadElPwr" Type="" />
        <Property Name="TagAttribute" Value="None" Type="TagEnum" />
        <Property Name="DescriptionTextRef" Value="TxG_BA_27725.18" />
      </BAObject>
      <BAObject Name="NULL" Id="11" />
      <BAObject Name="NULL" Id="12" />
      <BAObject Name="NULL" Id="13" />
      <BAObject Name="NULL" Id="14" />
      <BAObject Name="NULL" Id="15" />
      <BAObject Name="NULL" Id="16" />
      <BAObject Name="NULL" Id="17" />
      <BAObject Name="NULL" Id="18" />
    </OwnedBAObjects>
    <BoundedCharts>
      <Chart Name="Chart_Segment_208_1'HVAC_1'Rad@RadEl11.xml" />
    </BoundedCharts>
  </Entity>
</LMT>