﻿<?xml version="1.0" encoding="utf-8"?>
<LMT xmlns:xsi="http://www.w3.org/2001/XMLSchema-instance" xmlns:xsd="http://www.w3.org/2001/XMLSchema">
  <DocumentHeader SchemaVersion="1.2" ModificationDate="2014-11-11T15:31:12.784307+01:00" CreationID="51" BuildInfo="12.0.560.0">
    <HashInfo SerialKey="" />
    <AutomationDeviceInfo DeviceType="DXR2.E12P" SVS="300" Units="0" />
  </DocumentHeader>
  <Entity Type="40">
    <Property Name="Node_Type" Value="10" Type="Siemens.BASys.BAModel.Logic.EnumValue`1[Siemens.BASys.SDUDefinitions.BADefs.EBA_NodeType_SemanticTag]" />
    <Property Name="Node_Subtype" Value="VavEx11" Type="Siemens.BASys.BAModel.Logic.StringValue" />
    <Property Name="Reliability" Value="0" Type="Siemens.BASys.BAModel.Logic.EnumValue`1[Siemens.BASys.SDUDefinitions.BADefs.EBACnetReliability]" />
    <Property Name="Subordinate_List" Value="[(Unassigned|AO,9)|(Unassigned|AVAL,323)|(Unassigned|Unassigned)|(Unassigned|AVAL,322)|(Unassigned|AVAL,321)|(Unassigned|BVAL,194)|(Unassigned|Unassigned)|(Unassigned|MVAL,279)|(Unassigned|AVAL,324)|(Unassigned|BVAL,193)|(Unassigned|BVAL,192)|(Unassigned|AVAL,317)|(Unassigned|AVAL,320)|(Unassigned|AVAL,319)|(Unassigned|AVAL,318)]" Type="Siemens.BASys.BAModel.Logic.ArrayValue" />
    <Property Name="Subordinate_Annotations" Value="[VavExSpAirFl|VavExSpAflRel|VavExAirFl|VavExAirFlRel|VavExAirFlDvn|VavExAflStrtn|VavExPos|VavExDevMod|VavExVntReq|VavExAvlVnt|FanExCstVal|VavExAflPvdVnt|VavExSpAflMan|VavExAflMaxVnt|VavExAflMinVnt]" Type="Siemens.BASys.BAModel.Logic.StringValueArray" />
    <Property Name="Ds1_Subordinate_Attributes" Value="[{False}|{True}|{False}|{True}|{True}|{True}|{False}|{True}|{True}|{True}|{True}|{True}|{True}|{True}|{True}]" Type="Siemens.BASys.BAModel.Logic.ArrayValue" />
    <Property Name="Ds1_Main_Index" Value="1" Type="Siemens.BASys.BAModel.Logic.Value`1[System.Int32]" />
    <Property Name="Ds1_Ba_Object_Access" Value="7" Type="Siemens.BASys.BAModel.Logic.EnumValue`1[Siemens.BASys.SDUDefinitions.BADefs.EReadWriteAccessSensitivity]" />
    <Property Name="Ds1_Ba_Object_Usage" Value="0" Type="Siemens.BASys.BAModel.Logic.EnumValue`1[Siemens.BASys.SDUDefinitions.BADefs.EBA_Object_Usage]" />
    <Property Name="Description" Value="Extract air VAV" Type="Siemens.BASys.BAModel.Logic.StringValue" />
    <Property Name="Ds1_App_Config_Extension_Version" Value="02.01" Type="Siemens.BASys.BAModel.Logic.StringValue" />
    <Property Name="EnDvnCal" Value="True" Type="Siemens.BASys.BAModel.Logic.BoolValue" />
    <Property Name="EnStrtnCal" Value="True" Type="Siemens.BASys.BAModel.Logic.BoolValue" />
    <Property Name="StrtnLvl" Value="90" Type="Siemens.BASys.BAModel.Logic.Value`1[System.Single]" />
    <Property Name="AirFlErLm" Value="0" Type="Siemens.BASys.BAModel.Logic.Value`1[System.Single]" />
    <Property Name="DlyOnStrtn" Value="60000" Type="Siemens.BASys.BAModel.Logic.TimeDurationValue" />
    <Property Name="SwiOnAirFlDmd" Value="4" Type="Siemens.BASys.BAModel.Logic.Value`1[System.Single]" />
    <Property Name="HysAirFlDmd" Value="2" Type="Siemens.BASys.BAModel.Logic.Value`1[System.Single]" />
    <Property Name="Ds1_App_Config_Extension" Value="62" Type="Siemens.BASys.BAModel.Logic.EnumValue" />
    <Property Name="Object_Name" Value="Segment_208_1'HVAC_1'VavEx" Type="Siemens.BASys.BAModel.Logic.StringValue" />
    <Property Name="Object_Identifier" Value="121635188" Type="Siemens.BASys.BAModel.Logic.ObjectIdentifierValue" />
    <Property Name="Object_Type" Value="29" Type="Siemens.BASys.BAModel.Logic.EnumValue`1[Siemens.BASys.SDUDefinitions.BADefs.EBACnetObjectType]" />
    <Property Name="Ds1_Ba_Prototype" Value="40" Type="Siemens.BASys.BAModel.Logic.EnumValue`1[Siemens.BASys.SDUDefinitions.BADefs.EBA_ObjPrototypeName]" />
    <Property Name="Profile_Name" Value="7-BA-RDS1-040-SBCv13.20" Type="Siemens.BASys.BAModel.Logic.StringValue" />
    <Property Name="InterfaceName" Value="VavEx" Type="String" />
    <Property Name="IsOwned" Value="True" Type="System.Boolean" />
    <Property Name="AutoConnect" Value="True" />
    <Property Name="Node_SubtypeRef" Value="TxG_BA_27949.4" />
    <Property Name="PartName" Value="VavEx" Type="TxG_BA_24897.7" />
    <Property Name="BaseName" Value="VavEx" Type="" />
    <Property Name="TagAttribute" Value="None" Type="TagEnum" />
    <Property Name="DescriptionTextRef" Value="TxG_BA_24898.7" />
    <Property Name="Comment" Value="Version: 1.0018" IsDefault="False" Type="System.String" />
    <Property Name="ConnectedTo" Value="" />
    <OwnedBAObjects>
      <BAObject Name="VavExSpAirFl" Id="1" BaseName="VavExSpAirFl" TagAttribute="None">
        <Property Name="AutoConnect" Value="True" />
      </BAObject>
      <BAObject Name="VavExSpAflRel" Type="BAAnalogCalculatedValue" Id="2" TagAttribute="None">
        <Property Name="Present_Value" Value="0" Type="Siemens.BASys.BAModel.Logic.Value`1[System.Single]" />
        <Property Name="Ds1_Tracking_Value" Value="0" Type="Siemens.BASys.BAModel.Logic.Value`1[System.Single]" />
        <Property Name="Status_Flags" Value="{False|False|False|False}" Type="Siemens.BASys.BAModel.Logic.BitStringValue" />
        <Property Name="Reliability" Value="0" Type="Siemens.BASys.BAModel.Logic.EnumValue`1[Siemens.BASys.SDUDefinitions.BADefs.EBACnetReliability]" />
        <Property Name="Out_Of_Service" Value="False" Type="Siemens.BASys.BAModel.Logic.BoolValue" />
        <Property Name="Ds1_Ioaddress" Value="~" Type="Siemens.BASys.BAModel.Logic.StringValue" />
        <Property Name="Ds1_Update_Count" Value="0" Type="Siemens.BASys.BAModel.Logic.Value`1[System.UInt32]" />
        <Property Name="Units" Value="98" Type="Siemens.BASys.BAModel.Logic.EnumValue`1[Siemens.BASys.BAModel.Logic.EBACnetEngineeringUnits]" />
        <Property Name="Resolution" Value="1" Type="Siemens.BASys.BAModel.Logic.Value`1[System.Single]" />
        <Property Name="Max_Pres_Value" Value="100" Type="Siemens.BASys.BAModel.Logic.Value`1[System.Single]" />
        <Property Name="Min_Pres_Value" Value="0" Type="Siemens.BASys.BAModel.Logic.Value`1[System.Single]" />
        <Property Name="Cov_Increment" Value="1" Type="Siemens.BASys.BAModel.Logic.Value`1[System.Single]" />
        <Property Name="Event_State" Value="0" Type="Siemens.BASys.BAModel.Logic.EnumValue`1[Siemens.BASys.SDUDefinitions.BADefs.EBACnetEventState]" />
        <Property Name="Ds1_Ba_Object_Access" Value="5" Type="Siemens.BASys.BAModel.Logic.EnumValue`1[Siemens.BASys.SDUDefinitions.BADefs.EReadWriteAccessSensitivity]" />
        <Property Name="Ds1_Ba_Object_Usage" Value="0" Type="Siemens.BASys.BAModel.Logic.EnumValue`1[Siemens.BASys.SDUDefinitions.BADefs.EBA_Object_Usage]" />
        <Property Name="Description" Value="Extract air VAV setp.f.rel.air vol.flow" Type="Siemens.BASys.BAModel.Logic.StringValue" />
        <Property Name="Object_Name" Value="Segment_208_1'HVAC_1'VavEx'VavExSpAflRel" Type="Siemens.BASys.BAModel.Logic.StringValue" />
        <Property Name="Object_Identifier" Value="8388931" Type="Siemens.BASys.BAModel.Logic.ObjectIdentifierValue" />
        <Property Name="Object_Type" Value="2" Type="Siemens.BASys.BAModel.Logic.EnumValue`1[Siemens.BASys.SDUDefinitions.BADefs.EBACnetObjectType]" />
        <Property Name="Ds1_Ba_Prototype" Value="12" Type="Siemens.BASys.BAModel.Logic.EnumValue`1[Siemens.BASys.SDUDefinitions.BADefs.EBA_ObjPrototypeName]" />
        <Property Name="Profile_Name" Value="7-BA-RDS1-012-SBCv13.20" Type="Siemens.BASys.BAModel.Logic.StringValue" />
        <Property Name="StateTextReference" Value="91029505" Type="System.UInt32" />
        <Property Name="InterfaceName" Value="VavExSpAflRel" Type="String" />
        <Property Name="IsOwned" Value="True" Type="System.Boolean" />
        <Property Name="AutoConnect" Value="True" />
        <Property Name="PartName" Value="VavExSpAflRel" Type="TxG_BA_27790.24" />
        <Property Name="BaseName" Value="VavExSpAflRel" Type="TxG_BA_27790.24" />
        <Property Name="TagAttribute" Value="None" Type="TagEnum" />
        <Property Name="DescriptionTextRef" Value="TxG_BA_27791.24" />
      </BAObject>
      <BAObject Name="VavExAirFl" Id="3" BaseName="VavExAirFl" TagAttribute="None">
        <Property Name="AutoConnect" Value="True" />
      </BAObject>
      <BAObject Name="VavExAirFlRel" Type="BAAnalogCalculatedValue" Id="4" TagAttribute="None">
        <Property Name="Present_Value" Value="0" Type="Siemens.BASys.BAModel.Logic.Value`1[System.Single]" />
        <Property Name="Ds1_Tracking_Value" Value="0" Type="Siemens.BASys.BAModel.Logic.Value`1[System.Single]" />
        <Property Name="Status_Flags" Value="{False|False|False|False}" Type="Siemens.BASys.BAModel.Logic.BitStringValue" />
        <Property Name="Reliability" Value="0" Type="Siemens.BASys.BAModel.Logic.EnumValue`1[Siemens.BASys.SDUDefinitions.BADefs.EBACnetReliability]" />
        <Property Name="Out_Of_Service" Value="False" Type="Siemens.BASys.BAModel.Logic.BoolValue" />
        <Property Name="Ds1_Ioaddress" Value="~" Type="Siemens.BASys.BAModel.Logic.StringValue" />
        <Property Name="Ds1_Update_Count" Value="0" Type="Siemens.BASys.BAModel.Logic.Value`1[System.UInt32]" />
        <Property Name="Units" Value="98" Type="Siemens.BASys.BAModel.Logic.EnumValue`1[Siemens.BASys.BAModel.Logic.EBACnetEngineeringUnits]" />
        <Property Name="Resolution" Value="1" Type="Siemens.BASys.BAModel.Logic.Value`1[System.Single]" />
        <Property Name="Max_Pres_Value" Value="100" Type="Siemens.BASys.BAModel.Logic.Value`1[System.Single]" />
        <Property Name="Min_Pres_Value" Value="0" Type="Siemens.BASys.BAModel.Logic.Value`1[System.Single]" />
        <Property Name="Cov_Increment" Value="1" Type="Siemens.BASys.BAModel.Logic.Value`1[System.Single]" />
        <Property Name="Event_State" Value="0" Type="Siemens.BASys.BAModel.Logic.EnumValue`1[Siemens.BASys.SDUDefinitions.BADefs.EBACnetEventState]" />
        <Property Name="Ds1_Ba_Object_Access" Value="5" Type="Siemens.BASys.BAModel.Logic.EnumValue`1[Siemens.BASys.SDUDefinitions.BADefs.EReadWriteAccessSensitivity]" />
        <Property Name="Ds1_Ba_Object_Usage" Value="0" Type="Siemens.BASys.BAModel.Logic.EnumValue`1[Siemens.BASys.SDUDefinitions.BADefs.EBA_Object_Usage]" />
        <Property Name="Description" Value="Extract air VAV relative air volume flow" Type="Siemens.BASys.BAModel.Logic.StringValue" />
        <Property Name="Object_Name" Value="Segment_208_1'HVAC_1'VavEx'VavExAirFlRel" Type="Siemens.BASys.BAModel.Logic.StringValue" />
        <Property Name="Object_Identifier" Value="8388930" Type="Siemens.BASys.BAModel.Logic.ObjectIdentifierValue" />
        <Property Name="Object_Type" Value="2" Type="Siemens.BASys.BAModel.Logic.EnumValue`1[Siemens.BASys.SDUDefinitions.BADefs.EBACnetObjectType]" />
        <Property Name="Ds1_Ba_Prototype" Value="12" Type="Siemens.BASys.BAModel.Logic.EnumValue`1[Siemens.BASys.SDUDefinitions.BADefs.EBA_ObjPrototypeName]" />
        <Property Name="Profile_Name" Value="7-BA-RDS1-012-SBCv13.20" Type="Siemens.BASys.BAModel.Logic.StringValue" />
        <Property Name="StateTextReference" Value="91029505" Type="System.UInt32" />
        <Property Name="InterfaceName" Value="VavExAirFlRel" Type="String" />
        <Property Name="IsOwned" Value="True" Type="System.Boolean" />
        <Property Name="AutoConnect" Value="True" />
        <Property Name="PartName" Value="VavExAirFlRel" Type="TxG_BA_27949.44" />
        <Property Name="BaseName" Value="VavExAirFlRel" Type="" />
        <Property Name="TagAttribute" Value="None" Type="TagEnum" />
        <Property Name="DescriptionTextRef" Value="TxG_BA_27950.44" />
      </BAObject>
      <BAObject Name="VavExAirFlDvn" Type="BAAnalogCalculatedValue" Id="5" TagAttribute="None">
        <Property Name="Present_Value" Value="0" Type="Siemens.BASys.BAModel.Logic.Value`1[System.Single]" />
        <Property Name="Ds1_Tracking_Value" Value="0" Type="Siemens.BASys.BAModel.Logic.Value`1[System.Single]" />
        <Property Name="Status_Flags" Value="{False|False|False|False}" Type="Siemens.BASys.BAModel.Logic.BitStringValue" />
        <Property Name="Reliability" Value="0" Type="Siemens.BASys.BAModel.Logic.EnumValue`1[Siemens.BASys.SDUDefinitions.BADefs.EBACnetReliability]" />
        <Property Name="Out_Of_Service" Value="False" Type="Siemens.BASys.BAModel.Logic.BoolValue" />
        <Property Name="Ds1_Ioaddress" Value="~" Type="Siemens.BASys.BAModel.Logic.StringValue" />
        <Property Name="Ds1_Update_Count" Value="0" Type="Siemens.BASys.BAModel.Logic.Value`1[System.UInt32]" />
        <Property Name="Units" Value="98" Type="Siemens.BASys.BAModel.Logic.EnumValue`1[Siemens.BASys.BAModel.Logic.EBACnetEngineeringUnits]" />
        <Property Name="Resolution" Value="1" Type="Siemens.BASys.BAModel.Logic.Value`1[System.Single]" />
        <Property Name="Max_Pres_Value" Value="100" Type="Siemens.BASys.BAModel.Logic.Value`1[System.Single]" />
        <Property Name="Min_Pres_Value" Value="-100" Type="Siemens.BASys.BAModel.Logic.Value`1[System.Single]" />
        <Property Name="Cov_Increment" Value="1" Type="Siemens.BASys.BAModel.Logic.Value`1[System.Single]" />
        <Property Name="Event_State" Value="0" Type="Siemens.BASys.BAModel.Logic.EnumValue`1[Siemens.BASys.SDUDefinitions.BADefs.EBACnetEventState]" />
        <Property Name="Ds1_Ba_Object_Access" Value="5" Type="Siemens.BASys.BAModel.Logic.EnumValue`1[Siemens.BASys.SDUDefinitions.BADefs.EReadWriteAccessSensitivity]" />
        <Property Name="Ds1_Ba_Object_Usage" Value="0" Type="Siemens.BASys.BAModel.Logic.EnumValue`1[Siemens.BASys.SDUDefinitions.BADefs.EBA_Object_Usage]" />
        <Property Name="Description" Value="Extract air VAV air vol.flow deviation" Type="Siemens.BASys.BAModel.Logic.StringValue" />
        <Property Name="Object_Name" Value="Segment_208_1'HVAC_1'VavEx'VavExAirFlDvn" Type="Siemens.BASys.BAModel.Logic.StringValue" />
        <Property Name="Object_Identifier" Value="8388929" Type="Siemens.BASys.BAModel.Logic.ObjectIdentifierValue" />
        <Property Name="Object_Type" Value="2" Type="Siemens.BASys.BAModel.Logic.EnumValue`1[Siemens.BASys.SDUDefinitions.BADefs.EBACnetObjectType]" />
        <Property Name="Ds1_Ba_Prototype" Value="12" Type="Siemens.BASys.BAModel.Logic.EnumValue`1[Siemens.BASys.SDUDefinitions.BADefs.EBA_ObjPrototypeName]" />
        <Property Name="Profile_Name" Value="7-BA-RDS1-012-SBCv13.20" Type="Siemens.BASys.BAModel.Logic.StringValue" />
        <Property Name="StateTextReference" Value="91029505" Type="System.UInt32" />
        <Property Name="InterfaceName" Value="VavExAirFlDvn" Type="String" />
        <Property Name="IsOwned" Value="True" Type="System.Boolean" />
        <Property Name="AutoConnect" Value="True" />
        <Property Name="PartName" Value="VavExAirFlDvn" Type="TxG_BA_27812.34" />
        <Property Name="BaseName" Value="VavExAirFlDvn" Type="" />
        <Property Name="TagAttribute" Value="None" Type="TagEnum" />
        <Property Name="DescriptionTextRef" Value="TxG_BA_27813.34" />
      </BAObject>
      <BAObject Name="VavExAflStrtn" Type="BABinaryCalculatedValue" Id="6" TagAttribute="None">
        <Property Name="Present_Value" Value="False" Type="Siemens.BASys.BAModel.Logic.BoolValue" />
        <Property Name="Ds1_Tracking_Value" Value="False" Type="Siemens.BASys.BAModel.Logic.BoolValue" />
        <Property Name="Status_Flags" Value="{False|False|False|False}" Type="Siemens.BASys.BAModel.Logic.BitStringValue" />
        <Property Name="Reliability" Value="0" Type="Siemens.BASys.BAModel.Logic.EnumValue`1[Siemens.BASys.SDUDefinitions.BADefs.EBACnetReliability]" />
        <Property Name="Out_Of_Service" Value="False" Type="Siemens.BASys.BAModel.Logic.BoolValue" />
        <Property Name="Ds1_Ioaddress" Value="~" Type="Siemens.BASys.BAModel.Logic.StringValue" />
        <Property Name="Ds1_Update_Count" Value="0" Type="Siemens.BASys.BAModel.Logic.Value`1[System.UInt32]" />
        <Property Name="Inactive_Text" Value="72744960" Type="System.UInt32" />
        <Property Name="Active_Text" Value="72744961" Type="System.UInt32" />
        <Property Name="Event_State" Value="0" Type="Siemens.BASys.BAModel.Logic.EnumValue`1[Siemens.BASys.SDUDefinitions.BADefs.EBACnetEventState]" />
        <Property Name="Ds1_Ba_Object_Access" Value="5" Type="Siemens.BASys.BAModel.Logic.EnumValue`1[Siemens.BASys.SDUDefinitions.BADefs.EReadWriteAccessSensitivity]" />
        <Property Name="Ds1_Ba_Object_Usage" Value="0" Type="Siemens.BASys.BAModel.Logic.EnumValue`1[Siemens.BASys.SDUDefinitions.BADefs.EBA_Object_Usage]" />
        <Property Name="Description" Value="Extract air VAV air vol.flow saturation" Type="Siemens.BASys.BAModel.Logic.StringValue" />
        <Property Name="Object_Name" Value="Segment_208_1'HVAC_1'VavEx'VavExAflStrtn" Type="Siemens.BASys.BAModel.Logic.StringValue" />
        <Property Name="Object_Identifier" Value="20971714" Type="Siemens.BASys.BAModel.Logic.ObjectIdentifierValue" />
        <Property Name="Object_Type" Value="5" Type="Siemens.BASys.BAModel.Logic.EnumValue`1[Siemens.BASys.SDUDefinitions.BADefs.EBACnetObjectType]" />
        <Property Name="Ds1_Ba_Prototype" Value="14" Type="Siemens.BASys.BAModel.Logic.EnumValue`1[Siemens.BASys.SDUDefinitions.BADefs.EBA_ObjPrototypeName]" />
        <Property Name="Profile_Name" Value="7-BA-RDS1-014-SBCv13.20" Type="Siemens.BASys.BAModel.Logic.StringValue" />
        <Property Name="StateTextReference" Value="72810495" Type="System.UInt32" />
        <Property Name="InterfaceName" Value="VavExAflStrtn" Type="String" />
        <Property Name="IsOwned" Value="True" Type="System.Boolean" />
        <Property Name="AutoConnect" Value="True" />
        <Property Name="PartName" Value="VavExAflStrtn" Type="TxG_BA_27949.77" />
        <Property Name="BaseName" Value="VavExAflStrtn" Type="TxG_BA_27949.77" />
        <Property Name="TagAttribute" Value="None" Type="TagEnum" />
        <Property Name="DescriptionTextRef" Value="TxG_BA_27950.77" />
      </BAObject>
      <BAObject Name="VavExPos" Id="7" BaseName="VavExPos" BaseNameTextRef="TxG_BA_27820.7" TagAttribute="None">
        <Property Name="AutoConnect" Value="True" />
      </BAObject>
      <BAObject Name="VavExDevMod" Type="BAMultistateProcessValue" Id="8" TagAttribute="None">
        <Property Name="Present_Value" Value="0" Type="Siemens.BASys.BAModel.Logic.EnumValue" />
        <Property Name="Priority_Array" Value="[NULL|NULL|NULL|NULL|NULL|NULL|NULL|NULL|NULL|NULL|NULL|NULL|NULL|NULL|NULL|NULL]" Type="Siemens.BASys.BAModel.Logic.ArrayValue" />
        <Property Name="Ds1_Present_Priority" Value="17" Type="Siemens.BASys.BAModel.Logic.EnumValue`1[Siemens.BASys.BAModel.Logic.EBA_Present_Priority_Array_Index]" />
        <Property Name="Relinquish_Default" Value="1" Type="Siemens.BASys.BAModel.Logic.EnumValue" />
        <Property Name="Status_Flags" Value="{False|False|False|False}" Type="Siemens.BASys.BAModel.Logic.BitStringValue" />
        <Property Name="Reliability" Value="0" Type="Siemens.BASys.BAModel.Logic.EnumValue`1[Siemens.BASys.SDUDefinitions.BADefs.EBACnetReliability]" />
        <Property Name="Out_Of_Service" Value="False" Type="Siemens.BASys.BAModel.Logic.BoolValue" />
        <Property Name="Ds1_Ioaddress" Value="~" Type="Siemens.BASys.BAModel.Logic.StringValue" />
        <Property Name="Ds1_Update_Count" Value="0" Type="Siemens.BASys.BAModel.Logic.Value`1[System.UInt32]" />
        <Property Name="Number_Of_States" Value="5" Type="Siemens.BASys.BAModel.Logic.Value`1[System.Int32]" />
        <Property Name="State_Text" Value="1832517633|1832517634|1832517635|1832517636|1832517637|1832583167" Type="System.UInt32" />
        <Property Name="Event_State" Value="0" Type="Siemens.BASys.BAModel.Logic.EnumValue`1[Siemens.BASys.SDUDefinitions.BADefs.EBACnetEventState]" />
        <Property Name="Ds1_Ba_Object_Access" Value="5" Type="Siemens.BASys.BAModel.Logic.EnumValue`1[Siemens.BASys.SDUDefinitions.BADefs.EReadWriteAccessSensitivity]" />
        <Property Name="Ds1_Ba_Object_Usage" Value="0" Type="Siemens.BASys.BAModel.Logic.EnumValue`1[Siemens.BASys.SDUDefinitions.BADefs.EBA_Object_Usage]" />
        <Property Name="Description" Value="Extract air VAV device mode" Type="Siemens.BASys.BAModel.Logic.StringValue" />
        <Property Name="Object_Name" Value="Segment_208_1'HVAC_1'VavEx'VavExDevMod" Type="Siemens.BASys.BAModel.Logic.StringValue" />
        <Property Name="Object_Identifier" Value="79692055" Type="Siemens.BASys.BAModel.Logic.ObjectIdentifierValue" />
        <Property Name="Object_Type" Value="19" Type="Siemens.BASys.BAModel.Logic.EnumValue`1[Siemens.BASys.SDUDefinitions.BADefs.EBACnetObjectType]" />
        <Property Name="Ds1_Ba_Prototype" Value="8" Type="Siemens.BASys.BAModel.Logic.EnumValue`1[Siemens.BASys.SDUDefinitions.BADefs.EBA_ObjPrototypeName]" />
        <Property Name="Profile_Name" Value="7-BA-RDS1-008-SBCv13.20" Type="Siemens.BASys.BAModel.Logic.StringValue" />
        <Property Name="StateTextReference" Value="91029505" Type="System.UInt32" />
        <Property Name="InterfaceName" Value="VavExDevMod" Type="String" />
        <Property Name="IsOwned" Value="True" Type="System.Boolean" />
        <Property Name="AutoConnect" Value="True" />
        <Property Name="PartName" Value="VavExDevMod" Type="TxG_BA_27762.40" />
        <Property Name="BaseName" Value="VavExDevMod" Type="" />
        <Property Name="TagAttribute" Value="None" Type="TagEnum" />
        <Property Name="DescriptionTextRef" Value="TxG_BA_27763.40" />
      </BAObject>
      <BAObject Name="VavExVntReq" Type="BAAnalogCalculatedValue" Id="9" TagAttribute="None">
        <Property Name="Present_Value" Value="0" Type="Siemens.BASys.BAModel.Logic.Value`1[System.Single]" />
        <Property Name="Ds1_Tracking_Value" Value="0" Type="Siemens.BASys.BAModel.Logic.Value`1[System.Single]" />
        <Property Name="Status_Flags" Value="{False|False|False|False}" Type="Siemens.BASys.BAModel.Logic.BitStringValue" />
        <Property Name="Reliability" Value="0" Type="Siemens.BASys.BAModel.Logic.EnumValue`1[Siemens.BASys.SDUDefinitions.BADefs.EBACnetReliability]" />
        <Property Name="Out_Of_Service" Value="False" Type="Siemens.BASys.BAModel.Logic.BoolValue" />
        <Property Name="Ds1_Ioaddress" Value="~" Type="Siemens.BASys.BAModel.Logic.StringValue" />
        <Property Name="Ds1_Update_Count" Value="0" Type="Siemens.BASys.BAModel.Logic.Value`1[System.UInt32]" />
        <Property Name="Units" Value="98" Type="Siemens.BASys.BAModel.Logic.EnumValue`1[Siemens.BASys.BAModel.Logic.EBACnetEngineeringUnits]" />
        <Property Name="Resolution" Value="1" Type="Siemens.BASys.BAModel.Logic.Value`1[System.Single]" />
        <Property Name="Max_Pres_Value" Value="100" Type="Siemens.BASys.BAModel.Logic.Value`1[System.Single]" />
        <Property Name="Min_Pres_Value" Value="0" Type="Siemens.BASys.BAModel.Logic.Value`1[System.Single]" />
        <Property Name="Cov_Increment" Value="1" Type="Siemens.BASys.BAModel.Logic.Value`1[System.Single]" />
        <Property Name="Event_State" Value="0" Type="Siemens.BASys.BAModel.Logic.EnumValue`1[Siemens.BASys.SDUDefinitions.BADefs.EBACnetEventState]" />
        <Property Name="Ds1_Ba_Object_Access" Value="5" Type="Siemens.BASys.BAModel.Logic.EnumValue`1[Siemens.BASys.SDUDefinitions.BADefs.EReadWriteAccessSensitivity]" />
        <Property Name="Ds1_Ba_Object_Usage" Value="0" Type="Siemens.BASys.BAModel.Logic.EnumValue`1[Siemens.BASys.SDUDefinitions.BADefs.EBA_Object_Usage]" />
        <Property Name="Description" Value="Extract air VAV ventilation request" Type="Siemens.BASys.BAModel.Logic.StringValue" />
        <Property Name="Object_Name" Value="Segment_208_1'HVAC_1'VavEx'VavExVntReq" Type="Siemens.BASys.BAModel.Logic.StringValue" />
        <Property Name="Object_Identifier" Value="8388932" Type="Siemens.BASys.BAModel.Logic.ObjectIdentifierValue" />
        <Property Name="Object_Type" Value="2" Type="Siemens.BASys.BAModel.Logic.EnumValue`1[Siemens.BASys.SDUDefinitions.BADefs.EBACnetObjectType]" />
        <Property Name="Ds1_Ba_Prototype" Value="12" Type="Siemens.BASys.BAModel.Logic.EnumValue`1[Siemens.BASys.SDUDefinitions.BADefs.EBA_ObjPrototypeName]" />
        <Property Name="Profile_Name" Value="7-BA-RDS1-012-SBCv13.20" Type="Siemens.BASys.BAModel.Logic.StringValue" />
        <Property Name="StateTextReference" Value="91029505" Type="System.UInt32" />
        <Property Name="InterfaceName" Value="VavExVntReq" Type="String" />
        <Property Name="IsOwned" Value="True" Type="System.Boolean" />
        <Property Name="AutoConnect" Value="True" />
        <Property Name="PartName" Value="VavExVntReq" Type="TxG_BA_27832.20" />
        <Property Name="BaseName" Value="VavExVntReq" Type="" />
        <Property Name="TagAttribute" Value="None" Type="TagEnum" />
        <Property Name="DescriptionTextRef" Value="TxG_BA_27833.20" />
      </BAObject>
      <BAObject Name="VavExAvlVnt" Type="BABinaryCalculatedValue" Id="10" TagAttribute="None">
        <Property Name="Present_Value" Value="False" Type="Siemens.BASys.BAModel.Logic.BoolValue" />
        <Property Name="Ds1_Tracking_Value" Value="False" Type="Siemens.BASys.BAModel.Logic.BoolValue" />
        <Property Name="Status_Flags" Value="{False|False|False|False}" Type="Siemens.BASys.BAModel.Logic.BitStringValue" />
        <Property Name="Reliability" Value="0" Type="Siemens.BASys.BAModel.Logic.EnumValue`1[Siemens.BASys.SDUDefinitions.BADefs.EBACnetReliability]" />
        <Property Name="Out_Of_Service" Value="False" Type="Siemens.BASys.BAModel.Logic.BoolValue" />
        <Property Name="Ds1_Ioaddress" Value="~" Type="Siemens.BASys.BAModel.Logic.StringValue" />
        <Property Name="Ds1_Update_Count" Value="0" Type="Siemens.BASys.BAModel.Logic.Value`1[System.UInt32]" />
        <Property Name="Inactive_Text" Value="68288512" Type="System.UInt32" />
        <Property Name="Active_Text" Value="68288513" Type="System.UInt32" />
        <Property Name="Event_State" Value="0" Type="Siemens.BASys.BAModel.Logic.EnumValue`1[Siemens.BASys.SDUDefinitions.BADefs.EBACnetEventState]" />
        <Property Name="Ds1_Ba_Object_Access" Value="3" Type="Siemens.BASys.BAModel.Logic.EnumValue`1[Siemens.BASys.SDUDefinitions.BADefs.EReadWriteAccessSensitivity]" />
        <Property Name="Ds1_Ba_Object_Usage" Value="0" Type="Siemens.BASys.BAModel.Logic.EnumValue`1[Siemens.BASys.SDUDefinitions.BADefs.EBA_Object_Usage]" />
        <Property Name="Description" Value="Extract air VAV available for vent." Type="Siemens.BASys.BAModel.Logic.StringValue" />
        <Property Name="Object_Name" Value="Segment_208_1'HVAC_1'VavEx'VavExAvlVnt" Type="Siemens.BASys.BAModel.Logic.StringValue" />
        <Property Name="Object_Identifier" Value="20971713" Type="Siemens.BASys.BAModel.Logic.ObjectIdentifierValue" />
        <Property Name="Object_Type" Value="5" Type="Siemens.BASys.BAModel.Logic.EnumValue`1[Siemens.BASys.SDUDefinitions.BADefs.EBACnetObjectType]" />
        <Property Name="Ds1_Ba_Prototype" Value="14" Type="Siemens.BASys.BAModel.Logic.EnumValue`1[Siemens.BASys.SDUDefinitions.BADefs.EBA_ObjPrototypeName]" />
        <Property Name="Profile_Name" Value="7-BA-RDS1-014-SBCv13.20" Type="Siemens.BASys.BAModel.Logic.StringValue" />
        <Property Name="StateTextReference" Value="91029505" Type="System.UInt32" />
        <Property Name="InterfaceName" Value="VavExAvlVnt" Type="String" />
        <Property Name="IsOwned" Value="True" Type="System.Boolean" />
        <Property Name="AutoConnect" Value="True" />
        <Property Name="PartName" Value="VavExAvlVnt" Type="TxG_BA_27758.36" />
        <Property Name="BaseName" Value="VavExAvlVnt" Type="" />
        <Property Name="TagAttribute" Value="None" Type="TagEnum" />
        <Property Name="DescriptionTextRef" Value="TxG_BA_27759.36" />
      </BAObject>
      <BAObject Name="FanExCstVal" Type="BABinaryCalculatedValue" Id="11" TagAttribute="None">
        <Property Name="Present_Value" Value="False" Type="Siemens.BASys.BAModel.Logic.BoolValue" />
        <Property Name="Ds1_Tracking_Value" Value="False" Type="Siemens.BASys.BAModel.Logic.BoolValue" />
        <Property Name="Status_Flags" Value="{False|False|False|False}" Type="Siemens.BASys.BAModel.Logic.BitStringValue" />
        <Property Name="Reliability" Value="0" Type="Siemens.BASys.BAModel.Logic.EnumValue`1[Siemens.BASys.SDUDefinitions.BADefs.EBACnetReliability]" />
        <Property Name="Out_Of_Service" Value="False" Type="Siemens.BASys.BAModel.Logic.BoolValue" />
        <Property Name="Ds1_Ioaddress" Value="~" Type="Siemens.BASys.BAModel.Logic.StringValue" />
        <Property Name="Ds1_Update_Count" Value="0" Type="Siemens.BASys.BAModel.Logic.Value`1[System.UInt32]" />
        <Property Name="Inactive_Text" Value="68288512" Type="System.UInt32" />
        <Property Name="Active_Text" Value="68288513" Type="System.UInt32" />
        <Property Name="Event_State" Value="0" Type="Siemens.BASys.BAModel.Logic.EnumValue`1[Siemens.BASys.SDUDefinitions.BADefs.EBACnetEventState]" />
        <Property Name="Ds1_Ba_Object_Access" Value="5" Type="Siemens.BASys.BAModel.Logic.EnumValue`1[Siemens.BASys.SDUDefinitions.BADefs.EReadWriteAccessSensitivity]" />
        <Property Name="Ds1_Ba_Object_Usage" Value="0" Type="Siemens.BASys.BAModel.Logic.EnumValue`1[Siemens.BASys.SDUDefinitions.BADefs.EBA_Object_Usage]" />
        <Property Name="Description" Value="Coasting value of extract air fan" Type="Siemens.BASys.BAModel.Logic.StringValue" />
        <Property Name="Object_Name" Value="Segment_208_1'HVAC_1'VavEx'FanExCstVal" Type="Siemens.BASys.BAModel.Logic.StringValue" />
        <Property Name="Object_Identifier" Value="20971712" Type="Siemens.BASys.BAModel.Logic.ObjectIdentifierValue" />
        <Property Name="Object_Type" Value="5" Type="Siemens.BASys.BAModel.Logic.EnumValue`1[Siemens.BASys.SDUDefinitions.BADefs.EBACnetObjectType]" />
        <Property Name="Ds1_Ba_Prototype" Value="14" Type="Siemens.BASys.BAModel.Logic.EnumValue`1[Siemens.BASys.SDUDefinitions.BADefs.EBA_ObjPrototypeName]" />
        <Property Name="Profile_Name" Value="7-BA-RDS1-014-SBCv13.20" Type="Siemens.BASys.BAModel.Logic.StringValue" />
        <Property Name="StateTextReference" Value="91029505" Type="System.UInt32" />
        <Property Name="InterfaceName" Value="FanExCstVal" Type="String" />
        <Property Name="IsOwned" Value="True" Type="System.Boolean" />
        <Property Name="AutoConnect" Value="True" />
        <Property Name="PartName" Value="FanExCstVal" Type="TxG_BA_27682.15" />
        <Property Name="BaseName" Value="FanExCstVal" Type="" />
        <Property Name="TagAttribute" Value="None" Type="TagEnum" />
        <Property Name="DescriptionTextRef" Value="TxG_BA_27683.15" />
      </BAObject>
      <BAObject Name="VavExAflPvdVnt" Type="BAAnalogCalculatedValue" Id="12" TagAttribute="None">
        <Property Name="Present_Value" Value="0" Type="Siemens.BASys.BAModel.Logic.Value`1[System.Single]" />
        <Property Name="Ds1_Tracking_Value" Value="0" Type="Siemens.BASys.BAModel.Logic.Value`1[System.Single]" />
        <Property Name="Status_Flags" Value="{False|False|False|False}" Type="Siemens.BASys.BAModel.Logic.BitStringValue" />
        <Property Name="Reliability" Value="0" Type="Siemens.BASys.BAModel.Logic.EnumValue`1[Siemens.BASys.SDUDefinitions.BADefs.EBACnetReliability]" />
        <Property Name="Out_Of_Service" Value="False" Type="Siemens.BASys.BAModel.Logic.BoolValue" />
        <Property Name="Ds1_Ioaddress" Value="~" Type="Siemens.BASys.BAModel.Logic.StringValue" />
        <Property Name="Ds1_Update_Count" Value="0" Type="Siemens.BASys.BAModel.Logic.Value`1[System.UInt32]" />
        <Property Name="Units" Value="135" Type="Siemens.BASys.BAModel.Logic.EnumValue`1[Siemens.BASys.BAModel.Logic.EBACnetEngineeringUnits]" />
        <Property Name="Resolution" Value="5" Type="Siemens.BASys.BAModel.Logic.Value`1[System.Single]" />
        <Property Name="Max_Pres_Value" Value="1000" Type="Siemens.BASys.BAModel.Logic.Value`1[System.Single]" />
        <Property Name="Min_Pres_Value" Value="0" Type="Siemens.BASys.BAModel.Logic.Value`1[System.Single]" />
        <Property Name="Cov_Increment" Value="5" Type="Siemens.BASys.BAModel.Logic.Value`1[System.Single]" />
        <Property Name="Event_State" Value="0" Type="Siemens.BASys.BAModel.Logic.EnumValue`1[Siemens.BASys.SDUDefinitions.BADefs.EBACnetEventState]" />
        <Property Name="Ds1_Ba_Object_Access" Value="5" Type="Siemens.BASys.BAModel.Logic.EnumValue`1[Siemens.BASys.SDUDefinitions.BADefs.EReadWriteAccessSensitivity]" />
        <Property Name="Ds1_Ba_Object_Usage" Value="0" Type="Siemens.BASys.BAModel.Logic.EnumValue`1[Siemens.BASys.SDUDefinitions.BADefs.EBA_Object_Usage]" />
        <Property Name="Description" Value="Extract air VAV provided air flow f.vent" Type="Siemens.BASys.BAModel.Logic.StringValue" />
        <Property Name="Object_Name" Value="Segment_208_1'HVAC_1'VavEx'VavExAflPvdVnt" Type="Siemens.BASys.BAModel.Logic.StringValue" />
        <Property Name="Object_Identifier" Value="8388925" Type="Siemens.BASys.BAModel.Logic.ObjectIdentifierValue" />
        <Property Name="Object_Type" Value="2" Type="Siemens.BASys.BAModel.Logic.EnumValue`1[Siemens.BASys.SDUDefinitions.BADefs.EBACnetObjectType]" />
        <Property Name="Ds1_Ba_Prototype" Value="12" Type="Siemens.BASys.BAModel.Logic.EnumValue`1[Siemens.BASys.SDUDefinitions.BADefs.EBA_ObjPrototypeName]" />
        <Property Name="Profile_Name" Value="7-BA-RDS1-012-SBCv13.20" Type="Siemens.BASys.BAModel.Logic.StringValue" />
        <Property Name="StateTextReference" Value="91029505" Type="System.UInt32" />
        <Property Name="InterfaceName" Value="VavExAflPvdVnt" Type="String" />
        <Property Name="IsOwned" Value="True" Type="System.Boolean" />
        <Property Name="AutoConnect" Value="True" />
        <Property Name="PartName" Value="VavExAflPvdVnt" Type="TxG_BA_27949.42" />
        <Property Name="BaseName" Value="VavExAflPvdVnt" Type="" />
        <Property Name="TagAttribute" Value="None" Type="TagEnum" />
        <Property Name="DescriptionTextRef" Value="TxG_BA_27950.42" />
      </BAObject>
      <BAObject Name="VavExSpAflMan" Type="BAAnalogConfigValue" Id="13" TagAttribute="None">
        <Property Name="Present_Value" Value="50" Type="Siemens.BASys.BAModel.Logic.Value`1[System.Single]" />
        <Property Name="Status_Flags" Value="{False|False|False|False}" Type="Siemens.BASys.BAModel.Logic.BitStringValue" />
        <Property Name="Reliability" Value="0" Type="Siemens.BASys.BAModel.Logic.EnumValue`1[Siemens.BASys.SDUDefinitions.BADefs.EBACnetReliability]" />
        <Property Name="Out_Of_Service" Value="False" Type="Siemens.BASys.BAModel.Logic.BoolValue" />
        <Property Name="Ds1_Update_Count" Value="1" Type="Siemens.BASys.BAModel.Logic.Value`1[System.UInt32]" />
        <Property Name="Units" Value="135" Type="Siemens.BASys.BAModel.Logic.EnumValue`1[Siemens.BASys.BAModel.Logic.EBACnetEngineeringUnits]" />
        <Property Name="Resolution" Value="0.1" Type="Siemens.BASys.BAModel.Logic.Value`1[System.Single]" />
        <Property Name="Max_Pres_Value" Value="1000" Type="Siemens.BASys.BAModel.Logic.Value`1[System.Single]" />
        <Property Name="Min_Pres_Value" Value="0" Type="Siemens.BASys.BAModel.Logic.Value`1[System.Single]" />
        <Property Name="Cov_Increment" Value="0.1" Type="Siemens.BASys.BAModel.Logic.Value`1[System.Single]" />
        <Property Name="Event_State" Value="0" Type="Siemens.BASys.BAModel.Logic.EnumValue`1[Siemens.BASys.SDUDefinitions.BADefs.EBACnetEventState]" />
        <Property Name="Ds1_Ba_Object_Access" Value="3" Type="Siemens.BASys.BAModel.Logic.EnumValue`1[Siemens.BASys.SDUDefinitions.BADefs.EReadWriteAccessSensitivity]" />
        <Property Name="Ds1_Ba_Object_Usage" Value="0" Type="Siemens.BASys.BAModel.Logic.EnumValue`1[Siemens.BASys.SDUDefinitions.BADefs.EBA_Object_Usage]" />
        <Property Name="Description" Value="Extract air VAV man.air vol.flow setp." Type="Siemens.BASys.BAModel.Logic.StringValue" />
        <Property Name="Object_Name" Value="Segment_208_1'HVAC_1'VavEx'VavExSpAflMan" Type="Siemens.BASys.BAModel.Logic.StringValue" />
        <Property Name="Object_Identifier" Value="8388928" Type="Siemens.BASys.BAModel.Logic.ObjectIdentifierValue" />
        <Property Name="Object_Type" Value="2" Type="Siemens.BASys.BAModel.Logic.EnumValue`1[Siemens.BASys.SDUDefinitions.BADefs.EBACnetObjectType]" />
        <Property Name="Ds1_Ba_Prototype" Value="11" Type="Siemens.BASys.BAModel.Logic.EnumValue`1[Siemens.BASys.SDUDefinitions.BADefs.EBA_ObjPrototypeName]" />
        <Property Name="Profile_Name" Value="7-BA-RDS1-011-SBCv13.20" Type="Siemens.BASys.BAModel.Logic.StringValue" />
        <Property Name="StateTextReference" Value="91029505" Type="System.UInt32" />
        <Property Name="InterfaceName" Value="VavExSpAflMan" Type="String" />
        <Property Name="IsOwned" Value="True" Type="System.Boolean" />
        <Property Name="AutoConnect" Value="True" />
        <Property Name="PartName" Value="VavExSpAflMan" Type="TxG_BA_27790.25" />
        <Property Name="BaseName" Value="VavExSpAflMan" Type="" />
        <Property Name="TagAttribute" Value="None" Type="TagEnum" />
        <Property Name="DescriptionTextRef" Value="TxG_BA_27791.25" />
      </BAObject>
      <BAObject Name="VavExAflMaxVnt" Type="BAAnalogConfigValue" Id="14" TagAttribute="None">
        <Property Name="Present_Value" Value="100" Type="Siemens.BASys.BAModel.Logic.Value`1[System.Single]" />
        <Property Name="Status_Flags" Value="{False|False|False|False}" Type="Siemens.BASys.BAModel.Logic.BitStringValue" />
        <Property Name="Reliability" Value="0" Type="Siemens.BASys.BAModel.Logic.EnumValue`1[Siemens.BASys.SDUDefinitions.BADefs.EBACnetReliability]" />
        <Property Name="Out_Of_Service" Value="False" Type="Siemens.BASys.BAModel.Logic.BoolValue" />
        <Property Name="Ds1_Update_Count" Value="1" Type="Siemens.BASys.BAModel.Logic.Value`1[System.UInt32]" />
        <Property Name="Units" Value="135" Type="Siemens.BASys.BAModel.Logic.EnumValue`1[Siemens.BASys.BAModel.Logic.EBACnetEngineeringUnits]" />
        <Property Name="Resolution" Value="0.1" Type="Siemens.BASys.BAModel.Logic.Value`1[System.Single]" />
        <Property Name="Max_Pres_Value" Value="1000" Type="Siemens.BASys.BAModel.Logic.Value`1[System.Single]" />
        <Property Name="Min_Pres_Value" Value="0" Type="Siemens.BASys.BAModel.Logic.Value`1[System.Single]" />
        <Property Name="Cov_Increment" Value="0.1" Type="Siemens.BASys.BAModel.Logic.Value`1[System.Single]" />
        <Property Name="Event_State" Value="0" Type="Siemens.BASys.BAModel.Logic.EnumValue`1[Siemens.BASys.SDUDefinitions.BADefs.EBACnetEventState]" />
        <Property Name="Ds1_Ba_Object_Access" Value="6" Type="Siemens.BASys.BAModel.Logic.EnumValue`1[Siemens.BASys.SDUDefinitions.BADefs.EReadWriteAccessSensitivity]" />
        <Property Name="Ds1_Ba_Object_Usage" Value="0" Type="Siemens.BASys.BAModel.Logic.EnumValue`1[Siemens.BASys.SDUDefinitions.BADefs.EBA_Object_Usage]" />
        <Property Name="Description" Value="Extract air VAV max.air vol.flow f.vent." Type="Siemens.BASys.BAModel.Logic.StringValue" />
        <Property Name="Object_Name" Value="Segment_208_1'HVAC_1'VavEx'VavExAflMaxVnt" Type="Siemens.BASys.BAModel.Logic.StringValue" />
        <Property Name="Object_Identifier" Value="8388927" Type="Siemens.BASys.BAModel.Logic.ObjectIdentifierValue" />
        <Property Name="Object_Type" Value="2" Type="Siemens.BASys.BAModel.Logic.EnumValue`1[Siemens.BASys.SDUDefinitions.BADefs.EBACnetObjectType]" />
        <Property Name="Ds1_Ba_Prototype" Value="11" Type="Siemens.BASys.BAModel.Logic.EnumValue`1[Siemens.BASys.SDUDefinitions.BADefs.EBA_ObjPrototypeName]" />
        <Property Name="Profile_Name" Value="7-BA-RDS1-011-SBCv13.20" Type="Siemens.BASys.BAModel.Logic.StringValue" />
        <Property Name="StateTextReference" Value="91029505" Type="System.UInt32" />
        <Property Name="InterfaceName" Value="VavExAflMaxVnt" Type="String" />
        <Property Name="IsOwned" Value="True" Type="System.Boolean" />
        <Property Name="AutoConnect" Value="True" />
        <Property Name="PartName" Value="VavExAflMaxVnt" Type="TxG_BA_27949.30" />
        <Property Name="BaseName" Value="VavExAflMaxVnt" Type="" />
        <Property Name="TagAttribute" Value="None" Type="TagEnum" />
        <Property Name="DescriptionTextRef" Value="TxG_BA_27950.30" />
      </BAObject>
      <BAObject Name="VavExAflMinVnt" Type="BAAnalogConfigValue" Id="15" TagAttribute="None">
        <Property Name="Present_Value" Value="0" Type="Siemens.BASys.BAModel.Logic.Value`1[System.Single]" />
        <Property Name="Status_Flags" Value="{False|False|False|False}" Type="Siemens.BASys.BAModel.Logic.BitStringValue" />
        <Property Name="Reliability" Value="0" Type="Siemens.BASys.BAModel.Logic.EnumValue`1[Siemens.BASys.SDUDefinitions.BADefs.EBACnetReliability]" />
        <Property Name="Out_Of_Service" Value="False" Type="Siemens.BASys.BAModel.Logic.BoolValue" />
        <Property Name="Ds1_Update_Count" Value="1" Type="Siemens.BASys.BAModel.Logic.Value`1[System.UInt32]" />
        <Property Name="Units" Value="135" Type="Siemens.BASys.BAModel.Logic.EnumValue`1[Siemens.BASys.BAModel.Logic.EBACnetEngineeringUnits]" />
        <Property Name="Resolution" Value="0.1" Type="Siemens.BASys.BAModel.Logic.Value`1[System.Single]" />
        <Property Name="Max_Pres_Value" Value="1000" Type="Siemens.BASys.BAModel.Logic.Value`1[System.Single]" />
        <Property Name="Min_Pres_Value" Value="0" Type="Siemens.BASys.BAModel.Logic.Value`1[System.Single]" />
        <Property Name="Cov_Increment" Value="0.1" Type="Siemens.BASys.BAModel.Logic.Value`1[System.Single]" />
        <Property Name="Event_State" Value="0" Type="Siemens.BASys.BAModel.Logic.EnumValue`1[Siemens.BASys.SDUDefinitions.BADefs.EBACnetEventState]" />
        <Property Name="Ds1_Ba_Object_Access" Value="6" Type="Siemens.BASys.BAModel.Logic.EnumValue`1[Siemens.BASys.SDUDefinitions.BADefs.EReadWriteAccessSensitivity]" />
        <Property Name="Ds1_Ba_Object_Usage" Value="0" Type="Siemens.BASys.BAModel.Logic.EnumValue`1[Siemens.BASys.SDUDefinitions.BADefs.EBA_Object_Usage]" />
        <Property Name="Description" Value="Extract air VAV min.air vol.flow f.vent." Type="Siemens.BASys.BAModel.Logic.StringValue" />
        <Property Name="Object_Name" Value="Segment_208_1'HVAC_1'VavEx'VavExAflMinVnt" Type="Siemens.BASys.BAModel.Logic.StringValue" />
        <Property Name="Object_Identifier" Value="8388926" Type="Siemens.BASys.BAModel.Logic.ObjectIdentifierValue" />
        <Property Name="Object_Type" Value="2" Type="Siemens.BASys.BAModel.Logic.EnumValue`1[Siemens.BASys.SDUDefinitions.BADefs.EBACnetObjectType]" />
        <Property Name="Ds1_Ba_Prototype" Value="11" Type="Siemens.BASys.BAModel.Logic.EnumValue`1[Siemens.BASys.SDUDefinitions.BADefs.EBA_ObjPrototypeName]" />
        <Property Name="Profile_Name" Value="7-BA-RDS1-011-SBCv13.20" Type="Siemens.BASys.BAModel.Logic.StringValue" />
        <Property Name="StateTextReference" Value="91029505" Type="System.UInt32" />
        <Property Name="InterfaceName" Value="VavExAflMinVnt" Type="String" />
        <Property Name="IsOwned" Value="True" Type="System.Boolean" />
        <Property Name="AutoConnect" Value="True" />
        <Property Name="PartName" Value="VavExAflMinVnt" Type="TxG_BA_27949.29" />
        <Property Name="BaseName" Value="VavExAflMinVnt" Type="" />
        <Property Name="TagAttribute" Value="None" Type="TagEnum" />
        <Property Name="DescriptionTextRef" Value="TxG_BA_27950.29" />
      </BAObject>
      <BAObject Name="NULL" Id="16" />
      <BAObject Name="NULL" Id="17" />
      <BAObject Name="NULL" Id="18" />
      <BAObject Name="NULL" Id="19" />
      <BAObject Name="NULL" Id="20" />
      <BAObject Name="NULL" Id="21" />
      <BAObject Name="NULL" Id="22" />
      <BAObject Name="NULL" Id="23" />
      <BAObject Name="NULL" Id="24" />
      <BAObject Name="NULL" Id="25" />
      <BAObject Name="NULL" Id="26" />
      <BAObject Name="NULL" Id="27" />
      <BAObject Name="NULL" Id="28" />
      <BAObject Name="NULL" Id="29" />
      <BAObject Name="NULL" Id="30" />
      <BAObject Name="NULL" Id="31" />
      <BAObject Name="NULL" Id="32" />
      <BAObject Name="NULL" Id="33" />
      <BAObject Name="NULL" Id="34" />
      <BAObject Name="NULL" Id="35" />
      <BAObject Name="NULL" Id="36" />
      <BAObject Name="NULL" Id="37" />
      <BAObject Name="NULL" Id="38" />
      <BAObject Name="NULL" Id="39" />
      <BAObject Name="NULL" Id="40" />
      <BAObject Name="NULL" Id="41" />
      <BAObject Name="NULL" Id="42" />
      <BAObject Name="NULL" Id="43" />
      <BAObject Name="NULL" Id="44" />
      <BAObject Name="NULL" Id="45" />
      <BAObject Name="NULL" Id="46" />
      <BAObject Name="NULL" Id="47" />
      <BAObject Name="NULL" Id="48" />
      <BAObject Name="NULL" Id="49" />
      <BAObject Name="NULL" Id="50" />
      <BAObject Name="NULL" Id="51" />
      <BAObject Name="NULL" Id="52" />
      <BAObject Name="NULL" Id="53" />
      <BAObject Name="NULL" Id="54" />
      <BAObject Name="NULL" Id="55" />
      <BAObject Name="NULL" Id="56" />
      <BAObject Name="NULL" Id="57" />
      <BAObject Name="NULL" Id="58" />
      <BAObject Name="NULL" Id="59" />
      <BAObject Name="NULL" Id="60" />
      <BAObject Name="NULL" Id="61" />
      <BAObject Name="NULL" Id="62" />
      <BAObject Name="NULL" Id="63" />
      <BAObject Name="NULL" Id="64" />
      <BAObject Name="NULL" Id="65" />
      <BAObject Name="NULL" Id="66" />
      <BAObject Name="NULL" Id="67" />
      <BAObject Name="NULL" Id="68" />
      <BAObject Name="NULL" Id="69" />
      <BAObject Name="NULL" Id="70" />
      <BAObject Name="NULL" Id="71" />
      <BAObject Name="NULL" Id="72" />
      <BAObject Name="NULL" Id="73" />
      <BAObject Name="NULL" Id="74" />
      <BAObject Name="NULL" Id="75" />
      <BAObject Name="NULL" Id="76" />
      <BAObject Name="NULL" Id="77" />
      <BAObject Name="NULL" Id="78" />
      <BAObject Name="NULL" Id="79" />
      <BAObject Name="NULL" Id="80" />
      <BAObject Name="NULL" Id="81" />
      <BAObject Name="NULL" Id="82" />
      <BAObject Name="NULL" Id="83" />
      <BAObject Name="NULL" Id="84" />
      <BAObject Name="NULL" Id="85" />
      <BAObject Name="NULL" Id="86" />
      <BAObject Name="NULL" Id="87" />
      <BAObject Name="NULL" Id="88" />
      <BAObject Name="NULL" Id="89" />
      <BAObject Name="NULL" Id="90" />
      <BAObject Name="NULL" Id="91" />
      <BAObject Name="NULL" Id="92" />
      <BAObject Name="NULL" Id="93" />
      <BAObject Name="NULL" Id="94" />
      <BAObject Name="NULL" Id="95" />
      <BAObject Name="NULL" Id="96" />
      <BAObject Name="NULL" Id="97" />
      <BAObject Name="NULL" Id="98" />
      <BAObject Name="NULL" Id="99" />
      <BAObject Name="NULL" Id="100" />
      <BAObject Name="NULL" Id="101" />
      <BAObject Name="NULL" Id="102" />
      <BAObject Name="NULL" Id="103" />
      <BAObject Name="NULL" Id="104" />
      <BAObject Name="NULL" Id="105" />
      <BAObject Name="NULL" Id="106" />
      <BAObject Name="NULL" Id="107" />
      <BAObject Name="NULL" Id="108" />
      <BAObject Name="NULL" Id="109" />
      <BAObject Name="NULL" Id="110" />
      <BAObject Name="NULL" Id="111" />
      <BAObject Name="NULL" Id="112" />
      <BAObject Name="NULL" Id="113" />
      <BAObject Name="NULL" Id="114" />
      <BAObject Name="NULL" Id="115" />
      <BAObject Name="NULL" Id="116" />
      <BAObject Name="NULL" Id="117" />
      <BAObject Name="NULL" Id="118" />
      <BAObject Name="NULL" Id="119" />
      <BAObject Name="NULL" Id="120" />
      <BAObject Name="NULL" Id="121" />
      <BAObject Name="NULL" Id="122" />
      <BAObject Name="NULL" Id="123" />
      <BAObject Name="NULL" Id="124" />
      <BAObject Name="NULL" Id="125" />
      <BAObject Name="NULL" Id="126" />
      <BAObject Name="NULL" Id="127" />
      <BAObject Name="NULL" Id="128" />
      <BAObject Name="NULL" Id="129" />
      <BAObject Name="NULL" Id="130" />
      <BAObject Name="NULL" Id="131" />
      <BAObject Name="NULL" Id="132" />
      <BAObject Name="NULL" Id="133" />
      <BAObject Name="NULL" Id="134" />
      <BAObject Name="NULL" Id="135" />
      <BAObject Name="NULL" Id="136" />
      <BAObject Name="NULL" Id="137" />
      <BAObject Name="NULL" Id="138" />
      <BAObject Name="NULL" Id="139" />
      <BAObject Name="NULL" Id="140" />
      <BAObject Name="NULL" Id="141" />
      <BAObject Name="NULL" Id="142" />
      <BAObject Name="NULL" Id="143" />
      <BAObject Name="NULL" Id="144" />
      <BAObject Name="NULL" Id="145" />
      <BAObject Name="NULL" Id="146" />
      <BAObject Name="NULL" Id="147" />
      <BAObject Name="NULL" Id="148" />
      <BAObject Name="NULL" Id="149" />
      <BAObject Name="NULL" Id="150" />
      <BAObject Name="NULL" Id="151" />
      <BAObject Name="NULL" Id="152" />
      <BAObject Name="NULL" Id="153" />
      <BAObject Name="NULL" Id="154" />
      <BAObject Name="NULL" Id="155" />
      <BAObject Name="NULL" Id="156" />
      <BAObject Name="NULL" Id="157" />
      <BAObject Name="NULL" Id="158" />
      <BAObject Name="NULL" Id="159" />
      <BAObject Name="NULL" Id="160" />
      <BAObject Name="NULL" Id="161" />
      <BAObject Name="NULL" Id="162" />
      <BAObject Name="NULL" Id="163" />
      <BAObject Name="NULL" Id="164" />
      <BAObject Name="NULL" Id="165" />
      <BAObject Name="NULL" Id="166" />
      <BAObject Name="NULL" Id="167" />
      <BAObject Name="NULL" Id="168" />
      <BAObject Name="NULL" Id="169" />
      <BAObject Name="NULL" Id="170" />
      <BAObject Name="NULL" Id="171" />
      <BAObject Name="NULL" Id="172" />
      <BAObject Name="NULL" Id="173" />
      <BAObject Name="NULL" Id="174" />
      <BAObject Name="NULL" Id="175" />
      <BAObject Name="NULL" Id="176" />
      <BAObject Name="NULL" Id="177" />
      <BAObject Name="NULL" Id="178" />
      <BAObject Name="NULL" Id="179" />
      <BAObject Name="NULL" Id="180" />
      <BAObject Name="NULL" Id="181" />
      <BAObject Name="NULL" Id="182" />
      <BAObject Name="NULL" Id="183" />
      <BAObject Name="NULL" Id="184" />
      <BAObject Name="NULL" Id="185" />
      <BAObject Name="NULL" Id="186" />
      <BAObject Name="NULL" Id="187" />
      <BAObject Name="NULL" Id="188" />
      <BAObject Name="NULL" Id="189" />
      <BAObject Name="NULL" Id="190" />
      <BAObject Name="NULL" Id="191" />
      <BAObject Name="NULL" Id="192" />
      <BAObject Name="NULL" Id="193" />
      <BAObject Name="NULL" Id="194" />
      <BAObject Name="NULL" Id="195" />
      <BAObject Name="NULL" Id="196" />
      <BAObject Name="NULL" Id="197" />
      <BAObject Name="NULL" Id="198" />
      <BAObject Name="NULL" Id="199" />
      <BAObject Name="NULL" Id="200" />
      <BAObject Name="NULL" Id="201" />
      <BAObject Name="NULL" Id="202" />
      <BAObject Name="NULL" Id="203" />
      <BAObject Name="NULL" Id="204" />
      <BAObject Name="NULL" Id="205" />
      <BAObject Name="NULL" Id="206" />
      <BAObject Name="NULL" Id="207" />
      <BAObject Name="NULL" Id="208" />
      <BAObject Name="NULL" Id="209" />
      <BAObject Name="NULL" Id="210" />
      <BAObject Name="NULL" Id="211" />
      <BAObject Name="NULL" Id="212" />
      <BAObject Name="NULL" Id="213" />
      <BAObject Name="NULL" Id="214" />
      <BAObject Name="NULL" Id="215" />
      <BAObject Name="NULL" Id="216" />
      <BAObject Name="NULL" Id="217" />
      <BAObject Name="NULL" Id="218" />
      <BAObject Name="NULL" Id="219" />
    </OwnedBAObjects>
    <BoundedCharts>
      <Chart Name="Chart_Segment_208_1'HVAC_1'VavEx@VavEx11.xml" />
    </BoundedCharts>
  </Entity>
</LMT>