﻿<?xml version="1.0" encoding="utf-8"?>
<LMT xmlns:xsi="http://www.w3.org/2001/XMLSchema-instance" xmlns:xsd="http://www.w3.org/2001/XMLSchema">
  <DocumentHeader SchemaVersion="1.2" ModificationDate="2014-11-11T15:31:11.8795054+01:00" CreationID="7" BuildInfo="12.0.560.0">
    <HashInfo SerialKey="" />
    <AutomationDeviceInfo DeviceType="DXR2.E12P" SVS="300" Units="0" />
  </DocumentHeader>
  <Entity Type="52">
    <Property Name="Node_Type" Value="8" Type="Siemens.BASys.BAModel.Logic.EnumValue`1[Siemens.BASys.SDUDefinitions.BADefs.EBA_NodeType_SemanticTag]" />
    <Property Name="Node_Subtype" Value="FvrBalView11" Type="Siemens.BASys.BAModel.Logic.StringValue" />
    <Property Name="Reliability" Value="0" Type="Siemens.BASys.BAModel.Logic.EnumValue`1[Siemens.BASys.SDUDefinitions.BADefs.EBACnetReliability]" />
    <Property Name="Subordinate_List" Value="[(Unassigned|Unassigned)|(Unassigned|AO,2)|(Unassigned|Unassigned)|(Unassigned|Unassigned)|(Unassigned|Unassigned)|(Unassigned|Unassigned)|(Unassigned|Unassigned)|(Unassigned|Unassigned)|(Unassigned|Unassigned)]" Type="Siemens.BASys.BAModel.Logic.ArrayValue" />
    <Property Name="Subordinate_Annotations" Value="[VavSuBalMod|VavSuSpAirFl|VavSuAirFl|VavSuAirFlHood|VavSuFlCoef|VavSuFlCoefCal|VavSuBalCmd|VavSuPos|VavSuBalSta]" Type="Siemens.BASys.BAModel.Logic.StringValueArray" />
    <Property Name="Ds1_Subordinate_Attributes" Value="[{False}|{False}|{False}|{False}|{False}|{False}|{False}|{False}|{False}]" Type="Siemens.BASys.BAModel.Logic.ArrayValue" />
    <Property Name="Ds1_Main_Index" Value="0" Type="Siemens.BASys.BAModel.Logic.Value`1[System.Int32]" />
    <Property Name="Ds1_Ba_Object_Access" Value="7" Type="Siemens.BASys.BAModel.Logic.EnumValue`1[Siemens.BASys.SDUDefinitions.BADefs.EReadWriteAccessSensitivity]" />
    <Property Name="Ds1_Ba_Object_Usage" Value="0" Type="Siemens.BASys.BAModel.Logic.EnumValue`1[Siemens.BASys.SDUDefinitions.BADefs.EBA_Object_Usage]" />
    <Property Name="Description" Value="Favorite balancing view" Type="Siemens.BASys.BAModel.Logic.StringValue" />
    <Property Name="Object_Name" Value="Segment_208_1'FvrBalView" Type="Siemens.BASys.BAModel.Logic.StringValue" />
    <Property Name="Object_Identifier" Value="121635257" Type="Siemens.BASys.BAModel.Logic.ObjectIdentifierValue" />
    <Property Name="Object_Type" Value="29" Type="Siemens.BASys.BAModel.Logic.EnumValue`1[Siemens.BASys.SDUDefinitions.BADefs.EBACnetObjectType]" />
    <Property Name="Ds1_Ba_Prototype" Value="52" Type="Siemens.BASys.BAModel.Logic.EnumValue`1[Siemens.BASys.SDUDefinitions.BADefs.EBA_ObjPrototypeName]" />
    <Property Name="Profile_Name" Value="7-BA-RDS1-052-SBCv13.20" Type="Siemens.BASys.BAModel.Logic.StringValue" />
    <Property Name="InterfaceName" Value="FvrBalView" Type="String" />
    <Property Name="IsOwned" Value="True" Type="System.Boolean" />
    <Property Name="AutoConnect" Value="True" />
    <Property Name="PartName" Value="FvrBalView" Type="TxG_BA_28014.4" />
    <Property Name="BaseName" Value="FvrBalView" Type="TxG_BA_28014.4" />
    <Property Name="TagAttribute" Value="None" Type="TagEnum" />
    <Property Name="DescriptionTextRef" Value="TxG_BA_28015.4" />
    <OwnedBAObjects>
      <BAObject Name="VavSuBalMod" Type="65535" />
      <BAObject Name="VavSuSpAirFl" Type="65535" />
      <BAObject Name="VavSuAirFl" Type="65535" />
      <BAObject Name="VavSuAirFlHood" Type="65535" />
      <BAObject Name="VavSuFlCoef" Type="65535" />
      <BAObject Name="VavSuFlCoefCal" Type="65535" />
      <BAObject Name="VavSuBalCmd" Type="65535" />
      <BAObject Name="VavSuPos" Type="65535" />
      <BAObject Name="VavSuBalSta" Type="65535" />
    </OwnedBAObjects>
  </Entity>
</LMT>