﻿<?xml version="1.0" encoding="utf-8"?>
<LMT xmlns:xsi="http://www.w3.org/2001/XMLSchema-instance" xmlns:xsd="http://www.w3.org/2001/XMLSchema">
  <DocumentHeader SchemaVersion="1.2" ModificationDate="2014-11-11T15:31:13.6891085+01:00" CreationID="73" BuildInfo="12.0.560.0">
    <HashInfo SerialKey="" />
    <AutomationDeviceInfo DeviceType="DXR2.E12P" SVS="300" Units="0" />
  </DocumentHeader>
  <Entity Type="40">
    <Property Name="Node_Type" Value="10" Type="Siemens.BASys.BAModel.Logic.EnumValue`1[Siemens.BASys.SDUDefinitions.BADefs.EBA_NodeType_SemanticTag]" />
    <Property Name="Node_Subtype" Value="Hvac12" Type="Siemens.BASys.BAModel.Logic.StringValue" />
    <Property Name="Reliability" Value="0" Type="Siemens.BASys.BAModel.Logic.EnumValue`1[Siemens.BASys.SDUDefinitions.BADefs.EBACnetReliability]" />
    <Property Name="Subordinate_List" Value="[(Unassigned|Unassigned)|(Unassigned|STR_VIEW,378)|(Unassigned|STR_VIEW,372)|(Unassigned|Unassigned)|(Unassigned|Unassigned)|(Unassigned|Unassigned)|(Unassigned|Unassigned)|(Unassigned|STR_VIEW,351)|(Unassigned|MVAL,254)|(Unassigned|AVAL,238)|(Unassigned|AVAL,250)|(Unassigned|MVAL,259)|(Unassigned|AVAL,249)]" Type="Siemens.BASys.BAModel.Logic.ArrayValue" />
    <Property Name="Subordinate_Annotations" Value="[TSu|VavSu|VavEx|~|~|~|~|Rad|PltOpMod|TREff|TOa|HCDmd|ReHclPos]" Type="Siemens.BASys.BAModel.Logic.StringValueArray" />
    <Property Name="Ds1_Subordinate_Attributes" Value="[{False}|{True}|{True}|{False}|{False}|{False}|{False}|{True}|{True}|{True}|{True}|{True}|{True}]" Type="Siemens.BASys.BAModel.Logic.ArrayValue" />
    <Property Name="Ds1_Main_Index" Value="10" Type="Siemens.BASys.BAModel.Logic.Value`1[System.Int32]" />
    <Property Name="Ds1_Ba_Object_Access" Value="7" Type="Siemens.BASys.BAModel.Logic.EnumValue`1[Siemens.BASys.SDUDefinitions.BADefs.EReadWriteAccessSensitivity]" />
    <Property Name="Ds1_Ba_Object_Usage" Value="0" Type="Siemens.BASys.BAModel.Logic.EnumValue`1[Siemens.BASys.SDUDefinitions.BADefs.EBA_Object_Usage]" />
    <Property Name="Description" Value="HVAC" Type="Siemens.BASys.BAModel.Logic.StringValue" />
    <Property Name="Ds1_App_Config_Extension" Value="0" Type="Siemens.BASys.BAModel.Logic.EnumValue" />
    <Property Name="Object_Name" Value="Segment_208_1'HVAC_1" Type="Siemens.BASys.BAModel.Logic.StringValue" />
    <Property Name="Object_Identifier" Value="121635165" Type="Siemens.BASys.BAModel.Logic.ObjectIdentifierValue" />
    <Property Name="Object_Type" Value="29" Type="Siemens.BASys.BAModel.Logic.EnumValue`1[Siemens.BASys.SDUDefinitions.BADefs.EBACnetObjectType]" />
    <Property Name="Ds1_Ba_Prototype" Value="40" Type="Siemens.BASys.BAModel.Logic.EnumValue`1[Siemens.BASys.SDUDefinitions.BADefs.EBA_ObjPrototypeName]" />
    <Property Name="Profile_Name" Value="7-BA-RDS1-040-SBCv13.20" Type="Siemens.BASys.BAModel.Logic.StringValue" />
    <Property Name="InterfaceName" Value="HVAC" Type="String" />
    <Property Name="IsOwned" Value="True" Type="System.Boolean" />
    <Property Name="AutoConnect" Value="True" />
    <Property Name="Node_SubtypeRef" Value="TxG_BA_27863.34" />
    <Property Name="PartName" Value="HVAC_1" Type="TxG_BA_24865.11" />
    <Property Name="BaseName" Value="HVAC_1" Type="TxG_BA_24865.11" />
    <Property Name="TagAttribute" Value="None" Type="TagEnum" />
    <Property Name="DescriptionTextRef" Value="TxG_BA_24866.11" />
    <Property Name="Comment" Value="Version: 1.0001" IsDefault="False" Type="System.String" />
    <Property Name="ConnectedTo" Value="29,442Link29,349|" />
    <OwnedBAObjects>
      <BAObject Name="TSu" Id="1" BaseName="TSu" BaseNameTextRef="TxG_BA_25791.9" TagAttribute="None">
        <Property Name="AutoConnect" Value="True" />
      </BAObject>
      <BAObject Name="VavSu" Type="BAVNObjectFunctional" Id="2" TagAttribute="None">
        <Property Name="Node_Type" Value="10" Type="Siemens.BASys.BAModel.Logic.EnumValue`1[Siemens.BASys.SDUDefinitions.BADefs.EBA_NodeType_SemanticTag]" />
        <Property Name="Node_Subtype" Value="VavSu11" Type="Siemens.BASys.BAModel.Logic.StringValue" />
        <Property Name="Reliability" Value="0" Type="Siemens.BASys.BAModel.Logic.EnumValue`1[Siemens.BASys.SDUDefinitions.BADefs.EBACnetReliability]" />
        <Property Name="Subordinate_List" Value="[(Unassigned|AO,2)|(Unassigned|AVAL,424)|(Unassigned|Unassigned)|(Unassigned|AVAL,425)|(Unassigned|AVAL,426)|(Unassigned|BVAL,214)|(Unassigned|Unassigned)|(Unassigned|MVAL,299)|(Unassigned|AVAL,422)|(Unassigned|AVAL,423)|(Unassigned|AVAL,427)|(Unassigned|BVAL,217)|(Unassigned|BVAL,218)|(Unassigned|BVAL,216)|(Unassigned|BVAL,215)|(Unassigned|MVAL,300)|(Unassigned|MVAL,301)|(Unassigned|BVAL,213)|(Unassigned|AVAL,413)|(Unassigned|AVAL,414)|(Unassigned|AVAL,412)|(Unassigned|AVAL,410)|(Unassigned|AVAL,411)|(Unassigned|GRPMBR,16)|(Unassigned|AVAL,419)|(Unassigned|AVAL,420)|(Unassigned|AVAL,421)|(Unassigned|AVAL,418)|(Unassigned|AVAL,415)|(Unassigned|AVAL,416)|(Unassigned|AVAL,417)]" Type="Siemens.BASys.BAModel.Logic.ArrayValue" />
        <Property Name="Subordinate_Annotations" Value="[VavSuSpAirFl|VavSuSpAflRel|VavSuAirFl|VavSuAirFlRel|VavSuAirFlDvn|VavSuAflStrtn|VavSuPos|VavSuDevMod|VavSuCReq|VavSuHReq|VavSuVntReq|VavSuAvlC|VavSuAvlH|VavSuAvlVnt|FanSuCstVal|VavSuChovrCnd|VavSuAirDmd|VavSuAirFlRlf|VavSuCDmd|VavSuHDmd|VavSuVntDmd|VavSuAflPvdVnt|VavSuAirFlTck|VavSplyAir|VavSuSpAflMan|VavSuAirFlMaxC|VavSuAirFlMinC|VavSuAirFlMaxH|VavSuAirFlMinH|VavSuAflMaxVnt|VavSuAflMinVnt]" Type="Siemens.BASys.BAModel.Logic.StringValueArray" />
        <Property Name="Ds1_Subordinate_Attributes" Value="[{False}|{True}|{False}|{True}|{True}|{True}|{False}|{True}|{True}|{True}|{True}|{True}|{True}|{True}|{True}|{True}|{True}|{True}|{True}|{True}|{True}|{True}|{True}|{True}|{True}|{True}|{True}|{True}|{True}|{True}|{True}]" Type="Siemens.BASys.BAModel.Logic.ArrayValue" />
        <Property Name="Ds1_Main_Index" Value="1" Type="Siemens.BASys.BAModel.Logic.Value`1[System.Int32]" />
        <Property Name="Ds1_Ba_Object_Access" Value="7" Type="Siemens.BASys.BAModel.Logic.EnumValue`1[Siemens.BASys.SDUDefinitions.BADefs.EReadWriteAccessSensitivity]" />
        <Property Name="Ds1_Ba_Object_Usage" Value="0" Type="Siemens.BASys.BAModel.Logic.EnumValue`1[Siemens.BASys.SDUDefinitions.BADefs.EBA_Object_Usage]" />
        <Property Name="Description" Value="Supply air VAV" Type="Siemens.BASys.BAModel.Logic.StringValue" />
        <Property Name="Ds1_App_Config_Extension_Version" Value="05.01" Type="Siemens.BASys.BAModel.Logic.StringValue" />
        <Property Name="SpSelVavEx" Value="True" Type="Siemens.BASys.BAModel.Logic.BoolValue" />
        <Property Name="EnDvnCal" Value="True" Type="Siemens.BASys.BAModel.Logic.BoolValue" />
        <Property Name="EnStrtnCal" Value="True" Type="Siemens.BASys.BAModel.Logic.BoolValue" />
        <Property Name="StrtnLvl" Value="90" Type="Siemens.BASys.BAModel.Logic.Value`1[System.Single]" />
        <Property Name="AirFlErLm" Value="0" Type="Siemens.BASys.BAModel.Logic.Value`1[System.Single]" />
        <Property Name="DlyOnStrtn" Value="60000" Type="Siemens.BASys.BAModel.Logic.TimeDurationValue" />
        <Property Name="SwiOnAirFlDmd" Value="4" Type="Siemens.BASys.BAModel.Logic.Value`1[System.Single]" />
        <Property Name="HysAirFlDmd" Value="2" Type="Siemens.BASys.BAModel.Logic.Value`1[System.Single]" />
        <Property Name="EnRlf" Value="False" Type="Siemens.BASys.BAModel.Logic.BoolValue" />
        <Property Name="AirFlRlf" Value="50" Type="Siemens.BASys.BAModel.Logic.Value`1[System.Single]" />
        <Property Name="SwiOnAirFlSta" Value="4" Type="Siemens.BASys.BAModel.Logic.Value`1[System.Single]" />
        <Property Name="HysAirFlSta" Value="2" Type="Siemens.BASys.BAModel.Logic.Value`1[System.Single]" />
        <Property Name="EnMonFanSta" Value="False" Type="Siemens.BASys.BAModel.Logic.BoolValue" />
        <Property Name="AirFlUnit" Value="135" Type="Siemens.BASys.BAModel.Logic.EnumValue`1[Siemens.BASys.BAModel.Logic.EBACnetEngineeringUnits]" />
        <Property Name="Ds1_App_Config_Extension" Value="12" Type="Siemens.BASys.BAModel.Logic.EnumValue" />
        <Property Name="Object_Name" Value="Segment_208_1'HVAC_1'VavSu" Type="Siemens.BASys.BAModel.Logic.StringValue" />
        <Property Name="Object_Identifier" Value="121635194" Type="Siemens.BASys.BAModel.Logic.ObjectIdentifierValue" />
        <Property Name="Object_Type" Value="29" Type="Siemens.BASys.BAModel.Logic.EnumValue`1[Siemens.BASys.SDUDefinitions.BADefs.EBACnetObjectType]" />
        <Property Name="Ds1_Ba_Prototype" Value="40" Type="Siemens.BASys.BAModel.Logic.EnumValue`1[Siemens.BASys.SDUDefinitions.BADefs.EBA_ObjPrototypeName]" />
        <Property Name="Profile_Name" Value="7-BA-RDS1-040-SBCv13.20" Type="Siemens.BASys.BAModel.Logic.StringValue" />
        <Property Name="InterfaceName" Value="VavSu" Type="String" />
        <Property Name="IsOwned" Value="True" Type="System.Boolean" />
        <Property Name="AutoConnect" Value="True" />
        <Property Name="Node_SubtypeRef" Value="TxG_BA_27949.0" />
        <Property Name="PartName" Value="VavSu" Type="TxG_BA_24897.6" />
        <Property Name="BaseName" Value="VavSu" Type="" />
        <Property Name="TagAttribute" Value="None" Type="TagEnum" />
        <Property Name="DescriptionTextRef" Value="TxG_BA_24898.6" />
      </BAObject>
      <BAObject Name="VavEx" Type="BAVNObjectFunctional" Id="3" TagAttribute="None">
        <Property Name="Node_Type" Value="10" Type="Siemens.BASys.BAModel.Logic.EnumValue`1[Siemens.BASys.SDUDefinitions.BADefs.EBA_NodeType_SemanticTag]" />
        <Property Name="Node_Subtype" Value="VavEx11" Type="Siemens.BASys.BAModel.Logic.StringValue" />
        <Property Name="Reliability" Value="0" Type="Siemens.BASys.BAModel.Logic.EnumValue`1[Siemens.BASys.SDUDefinitions.BADefs.EBACnetReliability]" />
        <Property Name="Subordinate_List" Value="[(Unassigned|AO,9)|(Unassigned|AVAL,323)|(Unassigned|Unassigned)|(Unassigned|AVAL,322)|(Unassigned|AVAL,321)|(Unassigned|BVAL,194)|(Unassigned|Unassigned)|(Unassigned|MVAL,279)|(Unassigned|AVAL,324)|(Unassigned|BVAL,193)|(Unassigned|BVAL,192)|(Unassigned|AVAL,317)|(Unassigned|AVAL,320)|(Unassigned|AVAL,319)|(Unassigned|AVAL,318)]" Type="Siemens.BASys.BAModel.Logic.ArrayValue" />
        <Property Name="Subordinate_Annotations" Value="[VavExSpAirFl|VavExSpAflRel|VavExAirFl|VavExAirFlRel|VavExAirFlDvn|VavExAflStrtn|VavExPos|VavExDevMod|VavExVntReq|VavExAvlVnt|FanExCstVal|VavExAflPvdVnt|VavExSpAflMan|VavExAflMaxVnt|VavExAflMinVnt]" Type="Siemens.BASys.BAModel.Logic.StringValueArray" />
        <Property Name="Ds1_Subordinate_Attributes" Value="[{False}|{True}|{False}|{True}|{True}|{True}|{False}|{True}|{True}|{True}|{True}|{True}|{True}|{True}|{True}]" Type="Siemens.BASys.BAModel.Logic.ArrayValue" />
        <Property Name="Ds1_Main_Index" Value="1" Type="Siemens.BASys.BAModel.Logic.Value`1[System.Int32]" />
        <Property Name="Ds1_Ba_Object_Access" Value="7" Type="Siemens.BASys.BAModel.Logic.EnumValue`1[Siemens.BASys.SDUDefinitions.BADefs.EReadWriteAccessSensitivity]" />
        <Property Name="Ds1_Ba_Object_Usage" Value="0" Type="Siemens.BASys.BAModel.Logic.EnumValue`1[Siemens.BASys.SDUDefinitions.BADefs.EBA_Object_Usage]" />
        <Property Name="Description" Value="Extract air VAV" Type="Siemens.BASys.BAModel.Logic.StringValue" />
        <Property Name="Ds1_App_Config_Extension_Version" Value="02.01" Type="Siemens.BASys.BAModel.Logic.StringValue" />
        <Property Name="EnDvnCal" Value="True" Type="Siemens.BASys.BAModel.Logic.BoolValue" />
        <Property Name="EnStrtnCal" Value="True" Type="Siemens.BASys.BAModel.Logic.BoolValue" />
        <Property Name="StrtnLvl" Value="90" Type="Siemens.BASys.BAModel.Logic.Value`1[System.Single]" />
        <Property Name="AirFlErLm" Value="0" Type="Siemens.BASys.BAModel.Logic.Value`1[System.Single]" />
        <Property Name="DlyOnStrtn" Value="60000" Type="Siemens.BASys.BAModel.Logic.TimeDurationValue" />
        <Property Name="SwiOnAirFlDmd" Value="4" Type="Siemens.BASys.BAModel.Logic.Value`1[System.Single]" />
        <Property Name="HysAirFlDmd" Value="2" Type="Siemens.BASys.BAModel.Logic.Value`1[System.Single]" />
        <Property Name="Ds1_App_Config_Extension" Value="62" Type="Siemens.BASys.BAModel.Logic.EnumValue" />
        <Property Name="Object_Name" Value="Segment_208_1'HVAC_1'VavEx" Type="Siemens.BASys.BAModel.Logic.StringValue" />
        <Property Name="Object_Identifier" Value="121635188" Type="Siemens.BASys.BAModel.Logic.ObjectIdentifierValue" />
        <Property Name="Object_Type" Value="29" Type="Siemens.BASys.BAModel.Logic.EnumValue`1[Siemens.BASys.SDUDefinitions.BADefs.EBACnetObjectType]" />
        <Property Name="Ds1_Ba_Prototype" Value="40" Type="Siemens.BASys.BAModel.Logic.EnumValue`1[Siemens.BASys.SDUDefinitions.BADefs.EBA_ObjPrototypeName]" />
        <Property Name="Profile_Name" Value="7-BA-RDS1-040-SBCv13.20" Type="Siemens.BASys.BAModel.Logic.StringValue" />
        <Property Name="InterfaceName" Value="VavEx" Type="String" />
        <Property Name="IsOwned" Value="True" Type="System.Boolean" />
        <Property Name="AutoConnect" Value="True" />
        <Property Name="Node_SubtypeRef" Value="TxG_BA_27949.4" />
        <Property Name="PartName" Value="VavEx" Type="TxG_BA_24897.7" />
        <Property Name="BaseName" Value="VavEx" Type="" />
        <Property Name="TagAttribute" Value="None" Type="TagEnum" />
        <Property Name="DescriptionTextRef" Value="TxG_BA_24898.7" />
      </BAObject>
      <BAObject Name="Ccl" Type="BAVNObjectFunctional" Id="4" TagAttribute="None">
        <Property Name="Node_Type" Value="10" Type="Siemens.BASys.BAModel.Logic.EnumValue`1[Siemens.BASys.SDUDefinitions.BADefs.EBA_NodeType_SemanticTag]" />
        <Property Name="Node_Subtype" Value="AplFnctDummy" Type="Siemens.BASys.BAModel.Logic.StringValue" />
        <Property Name="Reliability" Value="0" Type="Siemens.BASys.BAModel.Logic.EnumValue`1[Siemens.BASys.SDUDefinitions.BADefs.EBACnetReliability]" />
        <Property Name="Subordinate_List" Value="[]" Type="Siemens.BASys.BAModel.Logic.ArrayValue" />
        <Property Name="Subordinate_Annotations" Value="[]" Type="Siemens.BASys.BAModel.Logic.StringValueArray" />
        <Property Name="Ds1_Subordinate_Attributes" Value="[]" Type="Siemens.BASys.BAModel.Logic.ArrayValue" />
        <Property Name="Ds1_Main_Index" Value="0" Type="Siemens.BASys.BAModel.Logic.Value`1[System.Int32]" />
        <Property Name="Ds1_Ba_Object_Access" Value="7" Type="Siemens.BASys.BAModel.Logic.EnumValue`1[Siemens.BASys.SDUDefinitions.BADefs.EReadWriteAccessSensitivity]" />
        <Property Name="Ds1_Ba_Object_Usage" Value="0" Type="Siemens.BASys.BAModel.Logic.EnumValue`1[Siemens.BASys.SDUDefinitions.BADefs.EBA_Object_Usage]" />
        <Property Name="Description" Value="Cooling coil" Type="Siemens.BASys.BAModel.Logic.StringValue" />
        <Property Name="Ds1_App_Config_Extension" Value="0" Type="Siemens.BASys.BAModel.Logic.EnumValue" />
        <Property Name="Object_Name" Value="Segment_208_1'HVAC_1'Ccl" Type="Siemens.BASys.BAModel.Logic.StringValue" />
        <Property Name="Object_Identifier" Value="121635181" Type="Siemens.BASys.BAModel.Logic.ObjectIdentifierValue" />
        <Property Name="Object_Type" Value="29" Type="Siemens.BASys.BAModel.Logic.EnumValue`1[Siemens.BASys.SDUDefinitions.BADefs.EBACnetObjectType]" />
        <Property Name="Ds1_Ba_Prototype" Value="40" Type="Siemens.BASys.BAModel.Logic.EnumValue`1[Siemens.BASys.SDUDefinitions.BADefs.EBA_ObjPrototypeName]" />
        <Property Name="Profile_Name" Value="7-BA-RDS1-040-SBCv13.20" Type="Siemens.BASys.BAModel.Logic.StringValue" />
        <Property Name="InterfaceName" Value="Ccl" Type="String" />
        <Property Name="IsOwned" Value="True" Type="System.Boolean" />
        <Property Name="AutoConnect" Value="True" />
        <Property Name="Node_SubtypeRef" Value="TxG_BA_27740.42" />
        <Property Name="PartName" Value="Ccl" Type="TxG_BA_25885.1" />
        <Property Name="BaseName" Value="Ccl" Type="" />
        <Property Name="TagAttribute" Value="None" Type="TagEnum" />
        <Property Name="DescriptionTextRef" Value="TxG_BA_25886.1" />
      </BAObject>
      <BAObject Name="HCcl" Type="BAVNObjectFunctional" Id="5" TagAttribute="None">
        <Property Name="Node_Type" Value="10" Type="Siemens.BASys.BAModel.Logic.EnumValue`1[Siemens.BASys.SDUDefinitions.BADefs.EBA_NodeType_SemanticTag]" />
        <Property Name="Node_Subtype" Value="AplFnctDummy" Type="Siemens.BASys.BAModel.Logic.StringValue" />
        <Property Name="Reliability" Value="0" Type="Siemens.BASys.BAModel.Logic.EnumValue`1[Siemens.BASys.SDUDefinitions.BADefs.EBACnetReliability]" />
        <Property Name="Subordinate_List" Value="[]" Type="Siemens.BASys.BAModel.Logic.ArrayValue" />
        <Property Name="Subordinate_Annotations" Value="[]" Type="Siemens.BASys.BAModel.Logic.StringValueArray" />
        <Property Name="Ds1_Subordinate_Attributes" Value="[]" Type="Siemens.BASys.BAModel.Logic.ArrayValue" />
        <Property Name="Ds1_Main_Index" Value="0" Type="Siemens.BASys.BAModel.Logic.Value`1[System.Int32]" />
        <Property Name="Ds1_Ba_Object_Access" Value="7" Type="Siemens.BASys.BAModel.Logic.EnumValue`1[Siemens.BASys.SDUDefinitions.BADefs.EReadWriteAccessSensitivity]" />
        <Property Name="Ds1_Ba_Object_Usage" Value="0" Type="Siemens.BASys.BAModel.Logic.EnumValue`1[Siemens.BASys.SDUDefinitions.BADefs.EBA_Object_Usage]" />
        <Property Name="Description" Value="Heating/cooling coil" Type="Siemens.BASys.BAModel.Logic.StringValue" />
        <Property Name="Ds1_App_Config_Extension" Value="0" Type="Siemens.BASys.BAModel.Logic.EnumValue" />
        <Property Name="Object_Name" Value="Segment_208_1'HVAC_1'HCcl" Type="Siemens.BASys.BAModel.Logic.StringValue" />
        <Property Name="Object_Identifier" Value="121635227" Type="Siemens.BASys.BAModel.Logic.ObjectIdentifierValue" />
        <Property Name="Object_Type" Value="29" Type="Siemens.BASys.BAModel.Logic.EnumValue`1[Siemens.BASys.SDUDefinitions.BADefs.EBACnetObjectType]" />
        <Property Name="Ds1_Ba_Prototype" Value="40" Type="Siemens.BASys.BAModel.Logic.EnumValue`1[Siemens.BASys.SDUDefinitions.BADefs.EBA_ObjPrototypeName]" />
        <Property Name="Profile_Name" Value="7-BA-RDS1-040-SBCv13.20" Type="Siemens.BASys.BAModel.Logic.StringValue" />
        <Property Name="InterfaceName" Value="HCcl" Type="String" />
        <Property Name="IsOwned" Value="True" Type="System.Boolean" />
        <Property Name="AutoConnect" Value="True" />
        <Property Name="Node_SubtypeRef" Value="TxG_BA_27740.42" />
        <Property Name="PartName" Value="HCcl" Type="TxG_BA_27726.2" />
        <Property Name="BaseName" Value="HCcl" Type="" />
        <Property Name="TagAttribute" Value="None" Type="TagEnum" />
        <Property Name="DescriptionTextRef" Value="TxG_BA_27727.2" />
      </BAObject>
      <BAObject Name="Hcl" Type="BAVNObjectFunctional" Id="6" TagAttribute="None">
        <Property Name="Node_Type" Value="10" Type="Siemens.BASys.BAModel.Logic.EnumValue`1[Siemens.BASys.SDUDefinitions.BADefs.EBA_NodeType_SemanticTag]" />
        <Property Name="Node_Subtype" Value="AplFnctDummy" Type="Siemens.BASys.BAModel.Logic.StringValue" />
        <Property Name="Reliability" Value="0" Type="Siemens.BASys.BAModel.Logic.EnumValue`1[Siemens.BASys.SDUDefinitions.BADefs.EBACnetReliability]" />
        <Property Name="Subordinate_List" Value="[]" Type="Siemens.BASys.BAModel.Logic.ArrayValue" />
        <Property Name="Subordinate_Annotations" Value="[]" Type="Siemens.BASys.BAModel.Logic.StringValueArray" />
        <Property Name="Ds1_Subordinate_Attributes" Value="[]" Type="Siemens.BASys.BAModel.Logic.ArrayValue" />
        <Property Name="Ds1_Main_Index" Value="0" Type="Siemens.BASys.BAModel.Logic.Value`1[System.Int32]" />
        <Property Name="Ds1_Ba_Object_Access" Value="7" Type="Siemens.BASys.BAModel.Logic.EnumValue`1[Siemens.BASys.SDUDefinitions.BADefs.EReadWriteAccessSensitivity]" />
        <Property Name="Ds1_Ba_Object_Usage" Value="0" Type="Siemens.BASys.BAModel.Logic.EnumValue`1[Siemens.BASys.SDUDefinitions.BADefs.EBA_Object_Usage]" />
        <Property Name="Description" Value="Heating coil" Type="Siemens.BASys.BAModel.Logic.StringValue" />
        <Property Name="Ds1_App_Config_Extension" Value="0" Type="Siemens.BASys.BAModel.Logic.EnumValue" />
        <Property Name="Object_Name" Value="Segment_208_1'HVAC_1'Hcl" Type="Siemens.BASys.BAModel.Logic.StringValue" />
        <Property Name="Object_Identifier" Value="121635219" Type="Siemens.BASys.BAModel.Logic.ObjectIdentifierValue" />
        <Property Name="Object_Type" Value="29" Type="Siemens.BASys.BAModel.Logic.EnumValue`1[Siemens.BASys.SDUDefinitions.BADefs.EBACnetObjectType]" />
        <Property Name="Ds1_Ba_Prototype" Value="40" Type="Siemens.BASys.BAModel.Logic.EnumValue`1[Siemens.BASys.SDUDefinitions.BADefs.EBA_ObjPrototypeName]" />
        <Property Name="Profile_Name" Value="7-BA-RDS1-040-SBCv13.20" Type="Siemens.BASys.BAModel.Logic.StringValue" />
        <Property Name="InterfaceName" Value="Hcl" Type="String" />
        <Property Name="IsOwned" Value="True" Type="System.Boolean" />
        <Property Name="AutoConnect" Value="True" />
        <Property Name="Node_SubtypeRef" Value="TxG_BA_27740.42" />
        <Property Name="PartName" Value="Hcl" Type="TxG_BA_25885.4" />
        <Property Name="BaseName" Value="Hcl" Type="" />
        <Property Name="TagAttribute" Value="None" Type="TagEnum" />
        <Property Name="DescriptionTextRef" Value="TxG_BA_25886.4" />
      </BAObject>
      <BAObject Name="Rcg" Type="BAVNObjectFunctional" Id="7" TagAttribute="None">
        <Property Name="Node_Type" Value="10" Type="Siemens.BASys.BAModel.Logic.EnumValue`1[Siemens.BASys.SDUDefinitions.BADefs.EBA_NodeType_SemanticTag]" />
        <Property Name="Node_Subtype" Value="AplFnctDummy" Type="Siemens.BASys.BAModel.Logic.StringValue" />
        <Property Name="Reliability" Value="0" Type="Siemens.BASys.BAModel.Logic.EnumValue`1[Siemens.BASys.SDUDefinitions.BADefs.EBACnetReliability]" />
        <Property Name="Subordinate_List" Value="[]" Type="Siemens.BASys.BAModel.Logic.ArrayValue" />
        <Property Name="Subordinate_Annotations" Value="[]" Type="Siemens.BASys.BAModel.Logic.StringValueArray" />
        <Property Name="Ds1_Subordinate_Attributes" Value="[]" Type="Siemens.BASys.BAModel.Logic.ArrayValue" />
        <Property Name="Ds1_Main_Index" Value="0" Type="Siemens.BASys.BAModel.Logic.Value`1[System.Int32]" />
        <Property Name="Ds1_Ba_Object_Access" Value="7" Type="Siemens.BASys.BAModel.Logic.EnumValue`1[Siemens.BASys.SDUDefinitions.BADefs.EReadWriteAccessSensitivity]" />
        <Property Name="Ds1_Ba_Object_Usage" Value="0" Type="Siemens.BASys.BAModel.Logic.EnumValue`1[Siemens.BASys.SDUDefinitions.BADefs.EBA_Object_Usage]" />
        <Property Name="Description" Value="Radiant ceiling" Type="Siemens.BASys.BAModel.Logic.StringValue" />
        <Property Name="Ds1_App_Config_Extension" Value="0" Type="Siemens.BASys.BAModel.Logic.EnumValue" />
        <Property Name="Object_Name" Value="Segment_208_1'HVAC_1'Rcg" Type="Siemens.BASys.BAModel.Logic.StringValue" />
        <Property Name="Object_Identifier" Value="121635207" Type="Siemens.BASys.BAModel.Logic.ObjectIdentifierValue" />
        <Property Name="Object_Type" Value="29" Type="Siemens.BASys.BAModel.Logic.EnumValue`1[Siemens.BASys.SDUDefinitions.BADefs.EBACnetObjectType]" />
        <Property Name="Ds1_Ba_Prototype" Value="40" Type="Siemens.BASys.BAModel.Logic.EnumValue`1[Siemens.BASys.SDUDefinitions.BADefs.EBA_ObjPrototypeName]" />
        <Property Name="Profile_Name" Value="7-BA-RDS1-040-SBCv13.20" Type="Siemens.BASys.BAModel.Logic.StringValue" />
        <Property Name="InterfaceName" Value="Rcg" Type="String" />
        <Property Name="IsOwned" Value="True" Type="System.Boolean" />
        <Property Name="AutoConnect" Value="True" />
        <Property Name="Node_SubtypeRef" Value="TxG_BA_27740.42" />
        <Property Name="PartName" Value="Rcg" Type="TxG_BA_27728.52" />
        <Property Name="BaseName" Value="Rcg" Type="" />
        <Property Name="TagAttribute" Value="None" Type="TagEnum" />
        <Property Name="DescriptionTextRef" Value="TxG_BA_27729.52" />
      </BAObject>
      <BAObject Name="Rad" Type="BAVNObjectFunctional" Id="8" TagAttribute="None">
        <Property Name="Node_Type" Value="10" Type="Siemens.BASys.BAModel.Logic.EnumValue`1[Siemens.BASys.SDUDefinitions.BADefs.EBA_NodeType_SemanticTag]" />
        <Property Name="Node_Subtype" Value="RadEl11" Type="Siemens.BASys.BAModel.Logic.StringValue" />
        <Property Name="Reliability" Value="0" Type="Siemens.BASys.BAModel.Logic.EnumValue`1[Siemens.BASys.SDUDefinitions.BADefs.EBACnetReliability]" />
        <Property Name="Subordinate_List" Value="[(Unassigned|STR_VIEW,352)|(Unassigned|AVAL,242)|(Unassigned|STR_VIEW,353)|(Unassigned|BVAL,170)|(Unassigned|STR_VIEW,354)|(Unassigned|MVAL,255)|(Unassigned|AVAL,239)|(Unassigned|BVAL,168)|(Unassigned|AVAL,241)|(Unassigned|AVAL,240)]" Type="Siemens.BASys.BAModel.Logic.ArrayValue" />
        <Property Name="Subordinate_Annotations" Value="[RadElPosCol|RadElPosVal|EnRadElPosCol|EnRadElPosVal|RadOvrTDetCol|RadDevMod|RadHReq|RadAvlH|RadDndftVal|RadElPwr]" Type="Siemens.BASys.BAModel.Logic.StringValueArray" />
        <Property Name="Ds1_Subordinate_Attributes" Value="[{True}|{True}|{True}|{True}|{True}|{True}|{True}|{True}|{True}|{True}]" Type="Siemens.BASys.BAModel.Logic.ArrayValue" />
        <Property Name="Ds1_Main_Index" Value="2" Type="Siemens.BASys.BAModel.Logic.Value`1[System.Int32]" />
        <Property Name="Ds1_Ba_Object_Access" Value="7" Type="Siemens.BASys.BAModel.Logic.EnumValue`1[Siemens.BASys.SDUDefinitions.BADefs.EReadWriteAccessSensitivity]" />
        <Property Name="Ds1_Ba_Object_Usage" Value="0" Type="Siemens.BASys.BAModel.Logic.EnumValue`1[Siemens.BASys.SDUDefinitions.BADefs.EBA_Object_Usage]" />
        <Property Name="Description" Value="Radiator" Type="Siemens.BASys.BAModel.Logic.StringValue" />
        <Property Name="Ds1_App_Config_Extension_Version" Value="01.00" Type="Siemens.BASys.BAModel.Logic.StringValue" />
        <Property Name="EnOvrTDetIn" Value="False" Type="Siemens.BASys.BAModel.Logic.BoolValue" />
        <Property Name="NomElPwr" Value="0.4" Type="Siemens.BASys.BAModel.Logic.Value`1[System.Single]" />
        <Property Name="EnDndft" Value="True" Type="Siemens.BASys.BAModel.Logic.BoolValue" />
        <Property Name="X1DndftTOa" Value="-5" Type="Siemens.BASys.BAModel.Logic.Value`1[System.Single]" />
        <Property Name="Y1DndftElPos" Value="100" Type="Siemens.BASys.BAModel.Logic.Value`1[System.Single]" />
        <Property Name="X2DndftTOa" Value="10" Type="Siemens.BASys.BAModel.Logic.Value`1[System.Single]" />
        <Property Name="Y2DndftElPos" Value="0" Type="Siemens.BASys.BAModel.Logic.Value`1[System.Single]" />
        <Property Name="TUnit" Value="62" Type="Siemens.BASys.BAModel.Logic.EnumValue`1[Siemens.BASys.BAModel.Logic.EBACnetEngineeringUnits]" />
        <Property Name="Ds1_App_Config_Extension" Value="17" Type="Siemens.BASys.BAModel.Logic.EnumValue" />
        <Property Name="Object_Name" Value="Segment_208_1'HVAC_1'Rad" Type="Siemens.BASys.BAModel.Logic.StringValue" />
        <Property Name="Object_Identifier" Value="121635167" Type="Siemens.BASys.BAModel.Logic.ObjectIdentifierValue" />
        <Property Name="Object_Type" Value="29" Type="Siemens.BASys.BAModel.Logic.EnumValue`1[Siemens.BASys.SDUDefinitions.BADefs.EBACnetObjectType]" />
        <Property Name="Ds1_Ba_Prototype" Value="40" Type="Siemens.BASys.BAModel.Logic.EnumValue`1[Siemens.BASys.SDUDefinitions.BADefs.EBA_ObjPrototypeName]" />
        <Property Name="Profile_Name" Value="7-BA-RDS1-040-SBCv13.20" Type="Siemens.BASys.BAModel.Logic.StringValue" />
        <Property Name="InterfaceName" Value="Rad" Type="String" />
        <Property Name="IsOwned" Value="True" Type="System.Boolean" />
        <Property Name="AutoConnect" Value="True" />
        <Property Name="Node_SubtypeRef" Value="TxG_BA_27724.42" />
        <Property Name="PartName" Value="Rad" Type="TxG_BA_24897.0" />
        <Property Name="BaseName" Value="Rad" Type="" />
        <Property Name="TagAttribute" Value="None" Type="TagEnum" />
        <Property Name="DescriptionTextRef" Value="TxG_BA_24898.0" />
      </BAObject>
      <BAObject Name="PltOpMod" Type="BAMultistateProcessValue" Id="9" TagAttribute="None">
        <Property Name="Present_Value" Value="0" Type="Siemens.BASys.BAModel.Logic.EnumValue" />
        <Property Name="Priority_Array" Value="[NULL|NULL|NULL|NULL|NULL|NULL|NULL|NULL|NULL|NULL|NULL|NULL|NULL|NULL|NULL|NULL]" Type="Siemens.BASys.BAModel.Logic.ArrayValue" />
        <Property Name="Ds1_Present_Priority" Value="17" Type="Siemens.BASys.BAModel.Logic.EnumValue`1[Siemens.BASys.BAModel.Logic.EBA_Present_Priority_Array_Index]" />
        <Property Name="Relinquish_Default" Value="1" Type="Siemens.BASys.BAModel.Logic.EnumValue" />
        <Property Name="Status_Flags" Value="{False|False|False|False}" Type="Siemens.BASys.BAModel.Logic.BitStringValue" />
        <Property Name="Reliability" Value="0" Type="Siemens.BASys.BAModel.Logic.EnumValue`1[Siemens.BASys.SDUDefinitions.BADefs.EBACnetReliability]" />
        <Property Name="Out_Of_Service" Value="False" Type="Siemens.BASys.BAModel.Logic.BoolValue" />
        <Property Name="Ds1_Ioaddress" Value="~" Type="Siemens.BASys.BAModel.Logic.StringValue" />
        <Property Name="Ds1_Update_Count" Value="0" Type="Siemens.BASys.BAModel.Logic.Value`1[System.UInt32]" />
        <Property Name="Number_Of_States" Value="17" Type="Siemens.BASys.BAModel.Logic.Value`1[System.Int32]" />
        <Property Name="State_Text" Value="1825046529|1825046530|1825046531|1825046532|1825046533|1825046534|1825046535|1825046536|1825046537|1825046538|1825046539|1825046540|1825046541|1825046542|1825046543|1825046544|1825046545|1825112063" Type="System.UInt32" />
        <Property Name="Event_State" Value="0" Type="Siemens.BASys.BAModel.Logic.EnumValue`1[Siemens.BASys.SDUDefinitions.BADefs.EBACnetEventState]" />
        <Property Name="Ds1_Ba_Object_Access" Value="3" Type="Siemens.BASys.BAModel.Logic.EnumValue`1[Siemens.BASys.SDUDefinitions.BADefs.EReadWriteAccessSensitivity]" />
        <Property Name="Ds1_Ba_Object_Usage" Value="0" Type="Siemens.BASys.BAModel.Logic.EnumValue`1[Siemens.BASys.SDUDefinitions.BADefs.EBA_Object_Usage]" />
        <Property Name="Description" Value="Plant operating mode" Type="Siemens.BASys.BAModel.Logic.StringValue" />
        <Property Name="Object_Name" Value="Segment_208_1'HVAC_1'PltOpMod" Type="Siemens.BASys.BAModel.Logic.StringValue" />
        <Property Name="Object_Identifier" Value="79692030" Type="Siemens.BASys.BAModel.Logic.ObjectIdentifierValue" />
        <Property Name="Object_Type" Value="19" Type="Siemens.BASys.BAModel.Logic.EnumValue`1[Siemens.BASys.SDUDefinitions.BADefs.EBACnetObjectType]" />
        <Property Name="Ds1_Ba_Prototype" Value="8" Type="Siemens.BASys.BAModel.Logic.EnumValue`1[Siemens.BASys.SDUDefinitions.BADefs.EBA_ObjPrototypeName]" />
        <Property Name="Profile_Name" Value="7-BA-RDS1-008-SBCv13.20" Type="Siemens.BASys.BAModel.Logic.StringValue" />
        <Property Name="StateTextReference" Value="91029505" Type="System.UInt32" />
        <Property Name="InterfaceName" Value="PltOpMod" Type="String" />
        <Property Name="IsOwned" Value="True" Type="System.Boolean" />
        <Property Name="AutoConnect" Value="True" />
        <Property Name="PartName" Value="PltOpMod" Type="TxG_BA_27708.1" />
        <Property Name="BaseName" Value="PltOpMod" Type="TxG_BA_27708.1" />
        <Property Name="TagAttribute" Value="None" Type="TagEnum" />
        <Property Name="DescriptionTextRef" Value="TxG_BA_27709.1" />
      </BAObject>
      <BAObject Name="TREff" Type="BAAnalogCalculatedValue" Id="10" TagAttribute="None">
        <Property Name="Present_Value" Value="0" Type="Siemens.BASys.BAModel.Logic.Value`1[System.Single]" />
        <Property Name="Ds1_Tracking_Value" Value="0" Type="Siemens.BASys.BAModel.Logic.Value`1[System.Single]" />
        <Property Name="Status_Flags" Value="{False|False|False|False}" Type="Siemens.BASys.BAModel.Logic.BitStringValue" />
        <Property Name="Reliability" Value="0" Type="Siemens.BASys.BAModel.Logic.EnumValue`1[Siemens.BASys.SDUDefinitions.BADefs.EBACnetReliability]" />
        <Property Name="Out_Of_Service" Value="False" Type="Siemens.BASys.BAModel.Logic.BoolValue" />
        <Property Name="Ds1_Ioaddress" Value="~" Type="Siemens.BASys.BAModel.Logic.StringValue" />
        <Property Name="Ds1_Update_Count" Value="0" Type="Siemens.BASys.BAModel.Logic.Value`1[System.UInt32]" />
        <Property Name="Units" Value="62" Type="Siemens.BASys.BAModel.Logic.EnumValue`1[Siemens.BASys.BAModel.Logic.EBACnetEngineeringUnits]" />
        <Property Name="Resolution" Value="0.1" Type="Siemens.BASys.BAModel.Logic.Value`1[System.Single]" />
        <Property Name="Max_Pres_Value" Value="50" Type="Siemens.BASys.BAModel.Logic.Value`1[System.Single]" />
        <Property Name="Min_Pres_Value" Value="0" Type="Siemens.BASys.BAModel.Logic.Value`1[System.Single]" />
        <Property Name="Cov_Increment" Value="0.1" Type="Siemens.BASys.BAModel.Logic.Value`1[System.Single]" />
        <Property Name="Event_State" Value="0" Type="Siemens.BASys.BAModel.Logic.EnumValue`1[Siemens.BASys.SDUDefinitions.BADefs.EBACnetEventState]" />
        <Property Name="Ds1_Ba_Object_Access" Value="3" Type="Siemens.BASys.BAModel.Logic.EnumValue`1[Siemens.BASys.SDUDefinitions.BADefs.EReadWriteAccessSensitivity]" />
        <Property Name="Ds1_Ba_Object_Usage" Value="0" Type="Siemens.BASys.BAModel.Logic.EnumValue`1[Siemens.BASys.SDUDefinitions.BADefs.EBA_Object_Usage]" />
        <Property Name="Description" Value="Effective room temperature" Type="Siemens.BASys.BAModel.Logic.StringValue" />
        <Property Name="Object_Name" Value="Segment_208_1'HVAC_1'TREff" Type="Siemens.BASys.BAModel.Logic.StringValue" />
        <Property Name="Object_Identifier" Value="8388846" Type="Siemens.BASys.BAModel.Logic.ObjectIdentifierValue" />
        <Property Name="Object_Type" Value="2" Type="Siemens.BASys.BAModel.Logic.EnumValue`1[Siemens.BASys.SDUDefinitions.BADefs.EBACnetObjectType]" />
        <Property Name="Ds1_Ba_Prototype" Value="12" Type="Siemens.BASys.BAModel.Logic.EnumValue`1[Siemens.BASys.SDUDefinitions.BADefs.EBA_ObjPrototypeName]" />
        <Property Name="Profile_Name" Value="7-BA-RDS1-012-SBCv13.20" Type="Siemens.BASys.BAModel.Logic.StringValue" />
        <Property Name="StateTextReference" Value="91029505" Type="System.UInt32" />
        <Property Name="InterfaceName" Value="TREff" Type="String" />
        <Property Name="IsOwned" Value="True" Type="System.Boolean" />
        <Property Name="AutoConnect" Value="True" />
        <Property Name="PartName" Value="TREff" Type="TxG_BA_27684.3" />
        <Property Name="BaseName" Value="TREff" Type="TxG_BA_27684.3" />
        <Property Name="TagAttribute" Value="None" Type="TagEnum" />
        <Property Name="DescriptionTextRef" Value="TxG_BA_27685.3" />
      </BAObject>
      <BAObject Name="TOa" Type="BAAnalogCalculatedValue" Id="11" TagAttribute="None">
        <Property Name="Present_Value" Value="0" Type="Siemens.BASys.BAModel.Logic.Value`1[System.Single]" />
        <Property Name="Ds1_Tracking_Value" Value="0" Type="Siemens.BASys.BAModel.Logic.Value`1[System.Single]" />
        <Property Name="Status_Flags" Value="{False|False|False|False}" Type="Siemens.BASys.BAModel.Logic.BitStringValue" />
        <Property Name="Reliability" Value="0" Type="Siemens.BASys.BAModel.Logic.EnumValue`1[Siemens.BASys.SDUDefinitions.BADefs.EBACnetReliability]" />
        <Property Name="Out_Of_Service" Value="False" Type="Siemens.BASys.BAModel.Logic.BoolValue" />
        <Property Name="Ds1_Ioaddress" Value="~" Type="Siemens.BASys.BAModel.Logic.StringValue" />
        <Property Name="Ds1_Update_Count" Value="0" Type="Siemens.BASys.BAModel.Logic.Value`1[System.UInt32]" />
        <Property Name="Units" Value="62" Type="Siemens.BASys.BAModel.Logic.EnumValue`1[Siemens.BASys.BAModel.Logic.EBACnetEngineeringUnits]" />
        <Property Name="Resolution" Value="1" Type="Siemens.BASys.BAModel.Logic.Value`1[System.Single]" />
        <Property Name="Max_Pres_Value" Value="70" Type="Siemens.BASys.BAModel.Logic.Value`1[System.Single]" />
        <Property Name="Min_Pres_Value" Value="-70" Type="Siemens.BASys.BAModel.Logic.Value`1[System.Single]" />
        <Property Name="Cov_Increment" Value="1" Type="Siemens.BASys.BAModel.Logic.Value`1[System.Single]" />
        <Property Name="Event_State" Value="0" Type="Siemens.BASys.BAModel.Logic.EnumValue`1[Siemens.BASys.SDUDefinitions.BADefs.EBACnetEventState]" />
        <Property Name="Ds1_Ba_Object_Access" Value="3" Type="Siemens.BASys.BAModel.Logic.EnumValue`1[Siemens.BASys.SDUDefinitions.BADefs.EReadWriteAccessSensitivity]" />
        <Property Name="Ds1_Ba_Object_Usage" Value="0" Type="Siemens.BASys.BAModel.Logic.EnumValue`1[Siemens.BASys.SDUDefinitions.BADefs.EBA_Object_Usage]" />
        <Property Name="Description" Value="Outside air temperature" Type="Siemens.BASys.BAModel.Logic.StringValue" />
        <Property Name="Object_Name" Value="Segment_208_1'HVAC_1'TOa" Type="Siemens.BASys.BAModel.Logic.StringValue" />
        <Property Name="Object_Identifier" Value="8388858" Type="Siemens.BASys.BAModel.Logic.ObjectIdentifierValue" />
        <Property Name="Object_Type" Value="2" Type="Siemens.BASys.BAModel.Logic.EnumValue`1[Siemens.BASys.SDUDefinitions.BADefs.EBACnetObjectType]" />
        <Property Name="Ds1_Ba_Prototype" Value="12" Type="Siemens.BASys.BAModel.Logic.EnumValue`1[Siemens.BASys.SDUDefinitions.BADefs.EBA_ObjPrototypeName]" />
        <Property Name="Profile_Name" Value="7-BA-RDS1-012-SBCv13.20" Type="Siemens.BASys.BAModel.Logic.StringValue" />
        <Property Name="StateTextReference" Value="91029505" Type="System.UInt32" />
        <Property Name="InterfaceName" Value="TOa" Type="String" />
        <Property Name="IsOwned" Value="True" Type="System.Boolean" />
        <Property Name="AutoConnect" Value="True" />
        <Property Name="PartName" Value="TOa" Type="TxG_BA_25791.3" />
        <Property Name="BaseName" Value="TOa" Type="TxG_BA_25791.3" />
        <Property Name="TagAttribute" Value="None" Type="TagEnum" />
        <Property Name="DescriptionTextRef" Value="TxG_BA_25792.3" />
      </BAObject>
      <BAObject Name="HCDmd" Type="BAMultistateCalculatedValue" Id="12" TagAttribute="None">
        <Property Name="Present_Value" Value="1" Type="Siemens.BASys.BAModel.Logic.EnumValue" />
        <Property Name="Ds1_Tracking_Value" Value="1" Type="Siemens.BASys.BAModel.Logic.EnumValue" />
        <Property Name="Status_Flags" Value="{False|False|False|False}" Type="Siemens.BASys.BAModel.Logic.BitStringValue" />
        <Property Name="Reliability" Value="0" Type="Siemens.BASys.BAModel.Logic.EnumValue`1[Siemens.BASys.SDUDefinitions.BADefs.EBACnetReliability]" />
        <Property Name="Out_Of_Service" Value="False" Type="Siemens.BASys.BAModel.Logic.BoolValue" />
        <Property Name="Ds1_Ioaddress" Value="~" Type="Siemens.BASys.BAModel.Logic.StringValue" />
        <Property Name="Ds1_Update_Count" Value="0" Type="Siemens.BASys.BAModel.Logic.Value`1[System.UInt32]" />
        <Property Name="Number_Of_States" Value="3" Type="Siemens.BASys.BAModel.Logic.Value`1[System.Int32]" />
        <Property Name="State_Text" Value="213385217|213385218|213385219|213450751" Type="System.UInt32" />
        <Property Name="Event_State" Value="0" Type="Siemens.BASys.BAModel.Logic.EnumValue`1[Siemens.BASys.SDUDefinitions.BADefs.EBACnetEventState]" />
        <Property Name="Ds1_Ba_Object_Access" Value="5" Type="Siemens.BASys.BAModel.Logic.EnumValue`1[Siemens.BASys.SDUDefinitions.BADefs.EReadWriteAccessSensitivity]" />
        <Property Name="Ds1_Ba_Object_Usage" Value="0" Type="Siemens.BASys.BAModel.Logic.EnumValue`1[Siemens.BASys.SDUDefinitions.BADefs.EBA_Object_Usage]" />
        <Property Name="Description" Value="Heating/cooling demand" Type="Siemens.BASys.BAModel.Logic.StringValue" />
        <Property Name="Object_Name" Value="Segment_208_1'HVAC_1'HCDmd" Type="Siemens.BASys.BAModel.Logic.StringValue" />
        <Property Name="Object_Identifier" Value="79692035" Type="Siemens.BASys.BAModel.Logic.ObjectIdentifierValue" />
        <Property Name="Object_Type" Value="19" Type="Siemens.BASys.BAModel.Logic.EnumValue`1[Siemens.BASys.SDUDefinitions.BADefs.EBACnetObjectType]" />
        <Property Name="Ds1_Ba_Prototype" Value="16" Type="Siemens.BASys.BAModel.Logic.EnumValue`1[Siemens.BASys.SDUDefinitions.BADefs.EBA_ObjPrototypeName]" />
        <Property Name="Profile_Name" Value="7-BA-RDS1-016-SBCv13.20" Type="Siemens.BASys.BAModel.Logic.StringValue" />
        <Property Name="StateTextReference" Value="91029505" Type="System.UInt32" />
        <Property Name="InterfaceName" Value="HCDmd" Type="String" />
        <Property Name="IsOwned" Value="True" Type="System.Boolean" />
        <Property Name="AutoConnect" Value="True" />
        <Property Name="PartName" Value="HCDmd" Type="TxG_BA_27792.6" />
        <Property Name="BaseName" Value="HCDmd" Type="" />
        <Property Name="TagAttribute" Value="None" Type="TagEnum" />
        <Property Name="DescriptionTextRef" Value="TxG_BA_27793.6" />
      </BAObject>
      <BAObject Name="ReHclPos" Type="BAAnalogCalculatedValue" Id="13" TagAttribute="None">
        <Property Name="Present_Value" Value="0" Type="Siemens.BASys.BAModel.Logic.Value`1[System.Single]" />
        <Property Name="Ds1_Tracking_Value" Value="0" Type="Siemens.BASys.BAModel.Logic.Value`1[System.Single]" />
        <Property Name="Status_Flags" Value="{False|False|False|False}" Type="Siemens.BASys.BAModel.Logic.BitStringValue" />
        <Property Name="Reliability" Value="0" Type="Siemens.BASys.BAModel.Logic.EnumValue`1[Siemens.BASys.SDUDefinitions.BADefs.EBACnetReliability]" />
        <Property Name="Out_Of_Service" Value="False" Type="Siemens.BASys.BAModel.Logic.BoolValue" />
        <Property Name="Ds1_Ioaddress" Value="~" Type="Siemens.BASys.BAModel.Logic.StringValue" />
        <Property Name="Ds1_Update_Count" Value="0" Type="Siemens.BASys.BAModel.Logic.Value`1[System.UInt32]" />
        <Property Name="Units" Value="98" Type="Siemens.BASys.BAModel.Logic.EnumValue`1[Siemens.BASys.BAModel.Logic.EBACnetEngineeringUnits]" />
        <Property Name="Resolution" Value="1" Type="Siemens.BASys.BAModel.Logic.Value`1[System.Single]" />
        <Property Name="Max_Pres_Value" Value="100" Type="Siemens.BASys.BAModel.Logic.Value`1[System.Single]" />
        <Property Name="Min_Pres_Value" Value="0" Type="Siemens.BASys.BAModel.Logic.Value`1[System.Single]" />
        <Property Name="Cov_Increment" Value="1" Type="Siemens.BASys.BAModel.Logic.Value`1[System.Single]" />
        <Property Name="Event_State" Value="0" Type="Siemens.BASys.BAModel.Logic.EnumValue`1[Siemens.BASys.SDUDefinitions.BADefs.EBACnetEventState]" />
        <Property Name="Ds1_Ba_Object_Access" Value="5" Type="Siemens.BASys.BAModel.Logic.EnumValue`1[Siemens.BASys.SDUDefinitions.BADefs.EReadWriteAccessSensitivity]" />
        <Property Name="Ds1_Ba_Object_Usage" Value="0" Type="Siemens.BASys.BAModel.Logic.EnumValue`1[Siemens.BASys.SDUDefinitions.BADefs.EBA_Object_Usage]" />
        <Property Name="Description" Value="Reheating coil position" Type="Siemens.BASys.BAModel.Logic.StringValue" />
        <Property Name="Object_Name" Value="Segment_208_1'HVAC_1'ReHclPos" Type="Siemens.BASys.BAModel.Logic.StringValue" />
        <Property Name="Object_Identifier" Value="8388857" Type="Siemens.BASys.BAModel.Logic.ObjectIdentifierValue" />
        <Property Name="Object_Type" Value="2" Type="Siemens.BASys.BAModel.Logic.EnumValue`1[Siemens.BASys.SDUDefinitions.BADefs.EBACnetObjectType]" />
        <Property Name="Ds1_Ba_Prototype" Value="12" Type="Siemens.BASys.BAModel.Logic.EnumValue`1[Siemens.BASys.SDUDefinitions.BADefs.EBA_ObjPrototypeName]" />
        <Property Name="Profile_Name" Value="7-BA-RDS1-012-SBCv13.20" Type="Siemens.BASys.BAModel.Logic.StringValue" />
        <Property Name="StateTextReference" Value="91029505" Type="System.UInt32" />
        <Property Name="InterfaceName" Value="ReHclPos" Type="String" />
        <Property Name="IsOwned" Value="True" Type="System.Boolean" />
        <Property Name="AutoConnect" Value="True" />
        <Property Name="PartName" Value="ReHclPos" Type="TxG_BA_27724.96" />
        <Property Name="BaseName" Value="ReHclPos" Type="" />
        <Property Name="TagAttribute" Value="None" Type="TagEnum" />
        <Property Name="DescriptionTextRef" Value="TxG_BA_27725.96" />
      </BAObject>
      <BAObject Name="NULL" Id="14" />
      <BAObject Name="NULL" Id="15" />
      <BAObject Name="NULL" Id="16" />
      <BAObject Name="NULL" Id="17" />
      <BAObject Name="NULL" Id="18" />
      <BAObject Name="NULL" Id="19" />
      <BAObject Name="NULL" Id="20" />
      <BAObject Name="NULL" Id="21" />
      <BAObject Name="NULL" Id="22" />
      <BAObject Name="NULL" Id="23" />
      <BAObject Name="NULL" Id="24" />
      <BAObject Name="NULL" Id="25" />
      <BAObject Name="NULL" Id="26" />
      <BAObject Name="NULL" Id="27" />
      <BAObject Name="NULL" Id="28" />
    </OwnedBAObjects>
    <BoundedCharts>
      <Chart Name="Chart_Segment_208_1'HVAC_1@Hvac12.xml" />
    </BoundedCharts>
  </Entity>
</LMT>