﻿<?xml version="1.0" encoding="utf-8"?>
<LMT xmlns:xsi="http://www.w3.org/2001/XMLSchema-instance" xmlns:xsd="http://www.w3.org/2001/XMLSchema">
  <DocumentHeader SchemaVersion="1.2" ModificationDate="2014-11-11T15:31:11.7703052+01:00" CreationID="1" BuildInfo="12.0.560.0">
    <HashInfo SerialKey="" />
    <AutomationDeviceInfo DeviceType="DXR2.E12P" SVS="300" Units="0" />
  </DocumentHeader>
  <Entity Type="30">
    <Property Name="Ds1_Group_Category_Text" Value="RCtl" Type="Siemens.BASys.BAModel.Logic.StringValue" />
    <Property Name="Ds1_Group_Category" Value="28334095" Type="Siemens.BASys.BAModel.Logic.Value`1[System.UInt32]" />
    <Property Name="Ds1_Group_Number" Value="4294967295" Type="Siemens.BASys.BAModel.Logic.Value`1[System.UInt32]" />
    <Property Name="Ds1_Group_Member_Tag" Value="RSegm" Type="Siemens.BASys.BAModel.Logic.StringValue" />
    <Property Name="Ds1_Context_Reference" Value="(Unassigned|STR_VIEW,235)" Type="Siemens.BASys.BAModel.Logic.SequenceValue" />
    <Property Name="Ds1_Group_Master" Value="(Unassigned|Unassigned)" Type="Siemens.BASys.BAModel.Logic.SequenceValue" />
    <Property Name="Ds1_Group_Master_Context" Value="(Unassigned|Unassigned)" Type="Siemens.BASys.BAModel.Logic.SequenceValue" />
    <Property Name="Status_Flags" Value="{False|False|False|False}" Type="Siemens.BASys.BAModel.Logic.BitStringValue" />
    <Property Name="Reliability" Value="0" Type="Siemens.BASys.BAModel.Logic.EnumValue`1[Siemens.BASys.SDUDefinitions.BADefs.EBACnetReliability]" />
    <Property Name="Out_Of_Service" Value="True" Type="Siemens.BASys.BAModel.Logic.BoolValue" />
    <Property Name="Ds1_Item_Values_Object_Property_Ref" Value="[(Unassigned|Present value|65535|Unassigned|PscDet(*))|(Unassigned|Present value|65535|Unassigned|WndCont(*))|(AI,83|Present value|65535|Unassigned|AQualR(*))|(AVAL,250|Present value|65535|Unassigned|TOa(*))|(AI,85|Present value|65535|Unassigned|TR(*))|(Unassigned|Present value|65535|Unassigned|BlsCmd(*))|(Unassigned|Present value|65535|Unassigned|ShdOpStrgy(*))|(Unassigned|Present value|65535|Unassigned|ShdPscMod(*))|(Unassigned|Present value|65535|Unassigned|LgtCmd(*))|(Unassigned|Present value|65535|Unassigned|LgtOrnt(*))|(Unassigned|Present value|65535|Unassigned|LgtPscMod(*))|(Unassigned|Present value|65535|Unassigned|LgtOpStrgy(*))|(Unassigned|Prewarning function|65535|Unassigned|LgtCmd(*))|(Unassigned|Present value|65535|Unassigned|FanSpdMan(*))|(Unassigned|Present value|65535|Unassigned|FanSpdMan(*))|(Unassigned|Present value|65535|Unassigned|FanSpdMan(*))|(Unassigned|Present value|65535|Unassigned|FanSpd(*))|(Unassigned|Present value|65535|Unassigned|FanSpd(*))|(Unassigned|Present value|65535|Unassigned|FanSpd(*))|(Unassigned|Number of states|65535|Unassigned|FanSpd(*))|(AVAL,238|Present value|65535|Unassigned|TREff(*))|(Unassigned|Present value|65535|Unassigned|ScnSel(*))|(Unassigned|Present value|65535|Unassigned|ScnMemSel(*))|(Unassigned|Control command|65535|Unassigned|BlsCmd(*))|(Unassigned|Present value|65535|Unassigned|Brgt(*))|(MVAL,254|Present value|65535|Unassigned|PltOpMod(*))|(Unassigned|Present value|65535|Unassigned|LgtEei(*))|(Unassigned|Present value|65535|Unassigned|ShdEei(*))|(Unassigned|Present value|65535|Unassigned|REeiRst(*))|(Unassigned|Present value|65535|Unassigned|DndftVal(*))|(Unassigned|Present value|65535|Unassigned|DmpOaAvlC(*))|(Unassigned|Present value|65535|Unassigned|FanAvlC(*))|(Unassigned|Present value|65535|Unassigned|CclAvlC(*))|(Unassigned|Present value|65535|Unassigned|HCclAvlC(*))|(Unassigned|Present value|65535|Unassigned|RcgAvlC(*))|(Unassigned|Present value|65535|Unassigned|FanAvlH(*))|(Unassigned|Present value|65535|Unassigned|HCclAvlH(*))|(Unassigned|Present value|65535|Unassigned|HclAvlH(*))|(Unassigned|Present value|65535|Unassigned|RcgAvlH(*))|(BVAL,168|Present value|65535|Unassigned|RadAvlH(*))|(Unassigned|Present value|65535|Unassigned|CclAvlDhu(*))|(Unassigned|Present value|65535|Unassigned|DmpOaAvlVnt(*))|(BVAL,217|Present value|65535|Unassigned|VavSuAvlC(*))|(BVAL,218|Present value|65535|Unassigned|VavSuAvlH(*))|(BVAL,216|Present value|65535|Unassigned|VavSuAvlVnt(*))|(BVAL,193|Present value|65535|Unassigned|VavExAvlVnt(*))|(Unassigned|Present value|65535|Unassigned|FanAvlVnt(*))|(Unassigned|Present value|65535|Unassigned|RThLdCnd(*))|(Unassigned|Present value|65535|Unassigned|HCDmd(*))|(Unassigned|Present value|65535|Unassigned|DmpOaCReq(*))|(Unassigned|Present value|65535|Unassigned|FanCReq(*))|(Unassigned|Present value|65535|Unassigned|CclCReq(*))|(Unassigned|Present value|65535|Unassigned|HCclCReq(*))|(Unassigned|Present value|65535|Unassigned|RcgCReq(*))|(Unassigned|Present value|65535|Unassigned|FanHReq(*))|(Unassigned|Present value|65535|Unassigned|HCclHReq(*))|(Unassigned|Present value|65535|Unassigned|HclHReq(*))|(Unassigned|Present value|65535|Unassigned|RcgHReq(*))|(AVAL,239|Present value|65535|Unassigned|RadHReq(*))|(Unassigned|Present value|65535|Unassigned|CclDhuReq(*))|(Unassigned|Present value|65535|Unassigned|DmpOaVntReq(*))|(AVAL,427|Present value|65535|Unassigned|VavSuVntReq(*))|(AVAL,324|Present value|65535|Unassigned|VavExVntReq(*))|(Unassigned|Present value|65535|Unassigned|FanVntReq(*))|(AVAL,422|Present value|65535|Unassigned|VavSuCReq(*))|(AVAL,423|Present value|65535|Unassigned|VavSuHReq(*))|(Unassigned|Present value|65535|Unassigned|CclCReqMin(*))|(Unassigned|Present value|65535|Unassigned|HCclHReqMin(*))|(Unassigned|Present value|65535|Unassigned|HCclCReqMin(*))|(Unassigned|Present value|65535|Unassigned|HclHReqMin(*))|(Unassigned|Present value|65535|Unassigned|RadHReqMin(*))|(AI,84|Present value|65535|Unassigned|HuRelR(*))|(AVAL,411|Present value|65535|Unassigned|VavSuAirFlTck(*))|(AVAL,410|Present value|65535|Unassigned|VavSuAflPvdVnt(*))|(AVAL,317|Present value|65535|Unassigned|VavExAflPvdVnt(*))]" Type="Siemens.BASys.BAModel.Logic.ArrayValue" />
    <Property Name="Ds1_Item_Values_Reliability" Value="[No fault detected|No fault detected|No fault detected|No fault detected|No fault detected|No fault detected|No fault detected|No fault detected|No fault detected|No fault detected|No fault detected|No fault detected|No fault detected|No fault detected|No fault detected|No fault detected|No fault detected|No fault detected|No fault detected|No fault detected|No fault detected|No fault detected|No fault detected|No fault detected|No fault detected|No fault detected|No fault detected|No fault detected|No fault detected|No fault detected|No fault detected|No fault detected|No fault detected|No fault detected|No fault detected|No fault detected|No fault detected|No fault detected|No fault detected|No fault detected|No fault detected|No fault detected|No fault detected|No fault detected|No fault detected|No fault detected|No fault detected|No fault detected|No fault detected|No fault detected|No fault detected|No fault detected|No fault detected|No fault detected|No fault detected|No fault detected|No fault detected|No fault detected|No fault detected|No fault detected|No fault detected|No fault detected|No fault detected|No fault detected|No fault detected|No fault detected|No fault detected|No fault detected|No fault detected|No fault detected|No fault detected|No fault detected|No fault detected|No fault detected|No fault detected]" Type="Siemens.BASys.BAModel.Logic.ArrayValue" />
    <Property Name="Ds1_Item_Values_Operation" Value="[Read|Read|Read|Update|Read|Write|Update|Update|Write|Write|Update|Update|Write|Write|Write|Write|Read|Read|Read|Read|Update|Read|Read|Write|Read|Write|Read|Read|Update|Read|Read|Read|Read|Read|Read|Read|Read|Read|Read|Read|Read|Read|Read|Read|Read|Read|Read|Update|Update|Update|Update|Update|Update|Update|Update|Update|Update|Update|Update|Update|Update|Update|Update|Update|Update|Update|Read|Read|Read|Read|Read|Read|Read|Read|Read]" Type="Siemens.BASys.BAModel.Logic.ArrayValue" />
    <Property Name="Ds1_Item_Values_Data_Tag_Number" Value="[26358792|26358797|26360848|26409987|26409988|28332041|28332129|28332132|28336133|28336155|28336185|28336197|28336198|28346402|28346403|28346404|28346405|28346406|28346407|28346408|28348419|28356608|28356609|28364812|28368909|28372993|28397572|28397573|28397577|28420100|28424205|28424206|28424207|28424208|28424209|28424211|28424212|28424213|28424214|28424215|28424217|28424222|28424223|28424225|28424227|28424228|28424229|28450816|28459014|28499971|28499972|28499973|28499974|28499975|28499977|28499978|28499979|28499980|28499981|28499983|28499986|28499987|28499988|28499989|28499990|28499991|28499995|28499996|28499997|28499998|28499999|28566529|28619790|28619816|28619818]" Type="Siemens.BASys.BAModel.Logic.ArrayValue" />
    <Property Name="Ds1_Item_Values" Value="[(UnsgVal:0)|(UnsgVal:0)|(RealVal:0)|(RealVal:0)|(RealVal:0)|(NullVal:NULL)|(UnsgVal:2)|(UnsgVal:1)|(NullVal:NULL)|(UnsgVal:0)|(UnsgVal:4)|(UnsgVal:2)|(UnsgVal:0)|(NullVal:NULL)|(UnsgVal:0)|(NullVal:NULL)|(RealVal:0)|(UnsgVal:0)|(UnsgVal:1)|(NullVal:NULL)|(RealVal:0)|(UnsgVal:1)|(UnsgVal:1)|(NullVal:NULL)|(RealVal:0)|(UnsgVal:1)|(UnsgVal:1)|(UnsgVal:1)|(UnsgVal:0)|(RealVal:0)|(UnsgVal:0)|(UnsgVal:0)|(UnsgVal:0)|(UnsgVal:0)|(UnsgVal:0)|(UnsgVal:0)|(UnsgVal:0)|(UnsgVal:0)|(UnsgVal:0)|(UnsgVal:0)|(UnsgVal:0)|(UnsgVal:0)|(UnsgVal:0)|(UnsgVal:0)|(UnsgVal:0)|(UnsgVal:0)|(UnsgVal:0)|(UnsgVal:1)|(RealVal:1)|(RealVal:0)|(RealVal:0)|(RealVal:0)|(RealVal:0)|(RealVal:0)|(RealVal:0)|(RealVal:0)|(RealVal:0)|(RealVal:0)|(RealVal:0)|(RealVal:0)|(RealVal:0)|(RealVal:0)|(RealVal:0)|(RealVal:0)|(RealVal:0)|(RealVal:0)|(RealVal:0)|(RealVal:0)|(RealVal:0)|(RealVal:0)|(RealVal:0)|(RealVal:0)|(RealVal:0)|(RealVal:0)|(RealVal:0)]" Type="Siemens.BASys.BAModel.Logic.ArrayValue" />
    <Property Name="Ds1_Item_Values_Priority" Value="[16: Automatic mode 7|16: Automatic mode 7|16: Automatic mode 7|16: Automatic mode 7|16: Automatic mode 7|16: Automatic mode 7|16: Automatic mode 7|16: Automatic mode 7|16: Automatic mode 7|16: Automatic mode 7|16: Automatic mode 7|16: Automatic mode 7|16: Automatic mode 7|16: Automatic mode 7|16: Automatic mode 7|16: Automatic mode 7|16: Automatic mode 7|16: Automatic mode 7|16: Automatic mode 7|16: Automatic mode 7|16: Automatic mode 7|16: Automatic mode 7|16: Automatic mode 7|16: Automatic mode 7|16: Automatic mode 7|11: Automatic mode 3|16: Automatic mode 7|16: Automatic mode 7|16: Automatic mode 7|16: Automatic mode 7|16: Automatic mode 7|16: Automatic mode 7|16: Automatic mode 7|16: Automatic mode 7|16: Automatic mode 7|16: Automatic mode 7|16: Automatic mode 7|16: Automatic mode 7|16: Automatic mode 7|16: Automatic mode 7|16: Automatic mode 7|16: Automatic mode 7|16: Automatic mode 7|16: Automatic mode 7|16: Automatic mode 7|16: Automatic mode 7|16: Automatic mode 7|16: Automatic mode 7|16: Automatic mode 7|16: Automatic mode 7|16: Automatic mode 7|16: Automatic mode 7|16: Automatic mode 7|16: Automatic mode 7|16: Automatic mode 7|16: Automatic mode 7|16: Automatic mode 7|16: Automatic mode 7|16: Automatic mode 7|16: Automatic mode 7|16: Automatic mode 7|16: Automatic mode 7|16: Automatic mode 7|16: Automatic mode 7|16: Automatic mode 7|16: Automatic mode 7|16: Automatic mode 7|16: Automatic mode 7|16: Automatic mode 7|16: Automatic mode 7|16: Automatic mode 7|16: Automatic mode 7|16: Automatic mode 7|16: Automatic mode 7|16: Automatic mode 7]" Type="Siemens.BASys.BAModel.Logic.ArrayValue" />
    <Property Name="Ds1_Collected_Data_Seq_Number" Value="0" Type="Siemens.BASys.BAModel.Logic.Value`1[System.UInt32]" />
    <Property Name="Event_State" Value="0" Type="Siemens.BASys.BAModel.Logic.EnumValue`1[Siemens.BASys.SDUDefinitions.BADefs.EBACnetEventState]" />
    <Property Name="Ds1_Ba_Object_Access" Value="6" Type="Siemens.BASys.BAModel.Logic.EnumValue`1[Siemens.BASys.SDUDefinitions.BADefs.EReadWriteAccessSensitivity]" />
    <Property Name="Ds1_Ba_Object_Usage" Value="0" Type="Siemens.BASys.BAModel.Logic.EnumValue`1[Siemens.BASys.SDUDefinitions.BADefs.EBA_Object_Usage]" />
    <Property Name="Description" Value="Room control" Type="Siemens.BASys.BAModel.Logic.StringValue" />
    <Property Name="Object_Name" Value="Segment_208_1'RCtl" Type="Siemens.BASys.BAModel.Logic.StringValue" />
    <Property Name="Object_Identifier" Value="1073741864" Type="Siemens.BASys.BAModel.Logic.ObjectIdentifierValue" />
    <Property Name="Object_Type" Value="256" Type="Siemens.BASys.BAModel.Logic.EnumValue`1[Siemens.BASys.SDUDefinitions.BADefs.EBACnetObjectType]" />
    <Property Name="Ds1_Ba_Prototype" Value="30" Type="Siemens.BASys.BAModel.Logic.EnumValue`1[Siemens.BASys.SDUDefinitions.BADefs.EBA_ObjPrototypeName]" />
    <Property Name="Profile_Name" Value="7-BA-RDS1-030-SBCv13.20" Type="Siemens.BASys.BAModel.Logic.StringValue" />
    <Property Name="InterfaceName" Value="RCtl" Type="String" />
    <Property Name="IsOwned" Value="True" Type="System.Boolean" />
    <Property Name="AutoConnect" Value="True" />
    <Property Name="PartName" Value="RCtl" Type="TxG_BA_27670.15" />
    <Property Name="BaseName" Value="RCtl" Type="TxG_BA_27670.15" />
    <Property Name="TagAttribute" Value="None" Type="TagEnum" />
    <Property Name="DescriptionTextRef" Value="TxG_BA_27671.15" />
    <OwnedBAObjects>
      <BAObject Name="PscDet(*)" Type="4" Id="26358792" Description="PscDet" GroupMemberPropName="Present_Value" DefaultValue="False" Operation="2" DefaultPriority="16" BaseName="PscDet" BaseNameTextRef="TxG_BA_25741.8" ReplacementString="" TagAttribute="All" />
      <BAObject Name="WndCont(*)" Type="4" Id="26358797" Description="WndCont" GroupMemberPropName="Present_Value" DefaultValue="False" Operation="2" DefaultPriority="16" BaseName="WndCont" BaseNameTextRef="TxG_BA_25741.13" ReplacementString="" TagAttribute="All" />
      <BAObject Name="AQualR(*)" Type="1" Id="26360848" Description="AQualR" GroupMemberPropName="Present_Value" DefaultValue="0" Operation="2" DefaultPriority="16" BaseName="AQualR" BaseNameTextRef="TxG_BA_25743.16" ReplacementString="" TagAttribute="All" />
      <BAObject Name="TOa(*)" Type="12" Id="26409987" Description="TOa" GroupMemberPropName="Present_Value" DefaultValue="0" Operation="1" DefaultPriority="16" BaseName="TOa" BaseNameTextRef="TxG_BA_25791.3" ReplacementString="" TagAttribute="All" />
      <BAObject Name="TR(*)" Type="1" Id="26409988" Description="TR" GroupMemberPropName="Present_Value" DefaultValue="0" Operation="2" DefaultPriority="16" BaseName="TR" BaseNameTextRef="TxG_BA_25791.4" ReplacementString="" TagAttribute="All" />
      <BAObject Name="BlsCmd(*)" Type="23" Id="28332041" Description="BlsCmd" GroupMemberPropName="Present_Value" DefaultValue="" Operation="0" DefaultPriority="16" BaseName="BlsCmd" BaseNameTextRef="TxG_BA_27668.9" ReplacementString="" TagAttribute="All" />
      <BAObject Name="ShdOpStrgy(*)" Type="16" Id="28332129" Description="ShdOpStrgy" GroupMemberPropName="Present_Value" DefaultValue="2" Operation="1" DefaultPriority="16" BaseName="ShdOpStrgy" BaseNameTextRef="TxG_BA_27668.97" ReplacementString="" TagAttribute="All" />
      <BAObject Name="ShdPscMod(*)" Type="16" Id="28332132" Description="ShdPscMod" GroupMemberPropName="Present_Value" DefaultValue="1" Operation="1" DefaultPriority="16" BaseName="ShdPscMod" BaseNameTextRef="TxG_BA_27668.100" ReplacementString="" TagAttribute="All" />
      <BAObject Name="LgtCmd(*)" Type="19" Id="28336133" Description="LgtCmd" GroupMemberPropName="Present_Value" DefaultValue="NULL" Operation="0" DefaultPriority="16" BaseName="LgtCmd" BaseNameTextRef="TxG_BA_27672.5" ReplacementString="" TagAttribute="All" />
      <BAObject Name="LgtOrnt(*)" Type="5" Id="28336155" Description="LgtOrnt" GroupMemberPropName="Present_Value" DefaultValue="False" Operation="0" DefaultPriority="16" BaseName="LgtOrnt" BaseNameTextRef="TxG_BA_27672.27" ReplacementString="" TagAttribute="All" />
      <BAObject Name="LgtPscMod(*)" Type="16" Id="28336185" Description="LgtPscMod" GroupMemberPropName="Present_Value" DefaultValue="4" Operation="1" DefaultPriority="16" BaseName="LgtPscMod" BaseNameTextRef="TxG_BA_27672.57" ReplacementString="" TagAttribute="All" />
      <BAObject Name="LgtOpStrgy(*)" Type="16" Id="28336197" Description="LgtOpStrgy" GroupMemberPropName="Present_Value" DefaultValue="2" Operation="1" DefaultPriority="16" BaseName="LgtOpStrgy" BaseNameTextRef="TxG_BA_27672.69" ReplacementString="" TagAttribute="All" />
      <BAObject Name="LgtCmd(*)" Type="19" Id="28336198" Description="LgtCmdPreWarn" GroupMemberPropName="Ds1_Pre_Warning_Mode" DefaultValue="0" Operation="0" DefaultPriority="16" BaseName="LgtCmd" BaseNameTextRef="TxG_BA_27672.5" ReplacementString="" TagAttribute="All" />
      <BAObject Name="FanSpdMan(*)" Type="8" Id="28346402" Description="FanSpdCmdM" GroupMemberPropName="Present_Value" DefaultValue="" Operation="0" DefaultPriority="16" BaseName="FanSpdMan" BaseNameTextRef="TxG_BA_27682.43" ReplacementString="" TagAttribute="All" />
      <BAObject Name="FanSpdMan(*)" Type="5" Id="28346403" Description="FanSpdCmdB" GroupMemberPropName="Present_Value" DefaultValue="False" Operation="0" DefaultPriority="16" BaseName="FanSpdMan" BaseNameTextRef="TxG_BA_27682.43" ReplacementString="" TagAttribute="All" />
      <BAObject Name="FanSpdMan(*)" Type="2" Id="28346404" Description="FanSpdCmdA" GroupMemberPropName="Present_Value" DefaultValue="NULL" Operation="0" DefaultPriority="16" BaseName="FanSpdMan" BaseNameTextRef="TxG_BA_27682.43" ReplacementString="" TagAttribute="All" />
      <BAObject Name="FanSpd(*)" Type="1" Id="28346405" Description="FanSpdReadA" GroupMemberPropName="Present_Value" DefaultValue="0" Operation="2" DefaultPriority="16" BaseName="FanSpd" BaseNameTextRef="TxG_BA_27682.0" ReplacementString="" TagAttribute="All" />
      <BAObject Name="FanSpd(*)" Type="4" Id="28346406" Description="FanSpdReadB" GroupMemberPropName="Present_Value" DefaultValue="False" Operation="2" DefaultPriority="16" BaseName="FanSpd" BaseNameTextRef="TxG_BA_27682.0" ReplacementString="" TagAttribute="All" />
      <BAObject Name="FanSpd(*)" Type="7" Id="28346407" Description="FanSpdReadM" GroupMemberPropName="Present_Value" DefaultValue="1" Operation="2" DefaultPriority="16" BaseName="FanSpd" BaseNameTextRef="TxG_BA_27682.0" ReplacementString="" TagAttribute="All" />
      <BAObject Name="FanSpd(*)" Type="7" Id="28346408" Description="FanSpdNumSts" GroupMemberPropName="Number_Of_States" DefaultValue="3" Operation="2" DefaultPriority="16" BaseName="FanSpd" BaseNameTextRef="TxG_BA_27682.0" ReplacementString="" TagAttribute="All" />
      <BAObject Name="TREff(*)" Type="12" Id="28348419" Description="TREff" GroupMemberPropName="Present_Value" DefaultValue="0" Operation="1" DefaultPriority="16" BaseName="TREff" BaseNameTextRef="TxG_BA_27684.3" ReplacementString="" TagAttribute="All" />
      <BAObject Name="ScnSel(*)" Type="7" Id="28356608" Description="ScnSel" GroupMemberPropName="Present_Value" DefaultValue="1" Operation="2" DefaultPriority="16" BaseName="ScnSel" BaseNameTextRef="TxG_BA_27692.0" ReplacementString="" TagAttribute="All" />
      <BAObject Name="ScnMemSel(*)" Type="7" Id="28356609" Description="ScnMemSel" GroupMemberPropName="Present_Value" DefaultValue="1" Operation="2" DefaultPriority="16" BaseName="ScnMemSel" BaseNameTextRef="TxG_BA_27692.1" ReplacementString="" TagAttribute="All" />
      <BAObject Name="BlsCmd(*)" Type="23" Id="28364812" Description="BlsCmdCtl" GroupMemberPropName="Ds1_Control_Command" DefaultValue="" Operation="0" DefaultPriority="16" BaseName="BlsCmd" BaseNameTextRef="TxG_BA_27668.9" ReplacementString="" TagAttribute="All" />
      <BAObject Name="Brgt(*)" Type="1" Id="28368909" Description="Brgt" GroupMemberPropName="Present_Value" DefaultValue="0" Operation="2" DefaultPriority="16" BaseName="Brgt" BaseNameTextRef="TxG_BA_3245.2" ReplacementString="" TagAttribute="All" />
      <BAObject Name="PltOpMod(*)" Type="8" Id="28372993" Description="PltOpMod" GroupMemberPropName="Present_Value" DefaultValue="1" Operation="0" DefaultPriority="11" BaseName="PltOpMod" BaseNameTextRef="TxG_BA_3249.0" ReplacementString="" TagAttribute="All" />
      <BAObject Name="LgtEei(*)" Type="7" Id="28397572" Description="LgtEei" GroupMemberPropName="Present_Value" DefaultValue="1" Operation="2" DefaultPriority="16" BaseName="LgtEei" BaseNameTextRef="TxG_BA_27732.4" ReplacementString="" TagAttribute="All" />
      <BAObject Name="ShdEei(*)" Type="7" Id="28397573" Description="ShdEei" GroupMemberPropName="Present_Value" DefaultValue="1" Operation="2" DefaultPriority="16" BaseName="ShdEei" BaseNameTextRef="TxG_BA_27732.5" ReplacementString="" TagAttribute="All" />
      <BAObject Name="REeiRst(*)" Type="14" Id="28397577" Description="REeiRst" GroupMemberPropName="Present_Value" DefaultValue="False" Operation="1" DefaultPriority="16" BaseName="REeiRst" BaseNameTextRef="TxG_BA_27732.9" ReplacementString="" TagAttribute="All" />
      <BAObject Name="DndftVal(*)" Type="1" Id="28420100" Description="DndftVal" GroupMemberPropName="Present_Value" DefaultValue="0" Operation="2" DefaultPriority="16" BaseName="DndftVal" BaseNameTextRef="TxG_BA_27754.4" ReplacementString="" TagAttribute="All" />
      <BAObject Name="DmpOaAvlC(*)" Type="4" Id="28424205" Description="DmpOaAvlC" GroupMemberPropName="Present_Value" DefaultValue="False" Operation="2" DefaultPriority="16" BaseName="DmpOaAvlC" BaseNameTextRef="TxG_BA_27758.13" ReplacementString="" TagAttribute="All" />
      <BAObject Name="FanAvlC(*)" Type="4" Id="28424206" Description="FanAvlC" GroupMemberPropName="Present_Value" DefaultValue="False" Operation="2" DefaultPriority="16" BaseName="FanAvlC" BaseNameTextRef="TxG_BA_27758.14" ReplacementString="" TagAttribute="All" />
      <BAObject Name="CclAvlC(*)" Type="4" Id="28424207" Description="CclAvlC" GroupMemberPropName="Present_Value" DefaultValue="False" Operation="2" DefaultPriority="16" BaseName="CclAvlC" BaseNameTextRef="TxG_BA_27758.15" ReplacementString="" TagAttribute="All" />
      <BAObject Name="HCclAvlC(*)" Type="4" Id="28424208" Description="HCclAvlC" GroupMemberPropName="Present_Value" DefaultValue="False" Operation="2" DefaultPriority="16" BaseName="HCclAvlC" BaseNameTextRef="TxG_BA_27758.16" ReplacementString="" TagAttribute="All" />
      <BAObject Name="RcgAvlC(*)" Type="4" Id="28424209" Description="RcgAvlC" GroupMemberPropName="Present_Value" DefaultValue="False" Operation="2" DefaultPriority="16" BaseName="RcgAvlC" BaseNameTextRef="TxG_BA_27758.17" ReplacementString="" TagAttribute="All" />
      <BAObject Name="FanAvlH(*)" Type="4" Id="28424211" Description="FanAvlH" GroupMemberPropName="Present_Value" DefaultValue="False" Operation="2" DefaultPriority="16" BaseName="FanAvlH" BaseNameTextRef="TxG_BA_27758.19" ReplacementString="" TagAttribute="All" />
      <BAObject Name="HCclAvlH(*)" Type="4" Id="28424212" Description="HCclAvlH" GroupMemberPropName="Present_Value" DefaultValue="False" Operation="2" DefaultPriority="16" BaseName="HCclAvlH" BaseNameTextRef="TxG_BA_27758.20" ReplacementString="" TagAttribute="All" />
      <BAObject Name="HclAvlH(*)" Type="4" Id="28424213" Description="HclAvlH" GroupMemberPropName="Present_Value" DefaultValue="False" Operation="2" DefaultPriority="16" BaseName="HclAvlH" BaseNameTextRef="TxG_BA_27758.21" ReplacementString="" TagAttribute="All" />
      <BAObject Name="RcgAvlH(*)" Type="4" Id="28424214" Description="RcgAvlH" GroupMemberPropName="Present_Value" DefaultValue="False" Operation="2" DefaultPriority="16" BaseName="RcgAvlH" BaseNameTextRef="TxG_BA_27758.22" ReplacementString="" TagAttribute="All" />
      <BAObject Name="RadAvlH(*)" Type="14" Id="28424215" Description="RadAvlH" GroupMemberPropName="Present_Value" DefaultValue="False" Operation="2" DefaultPriority="16" BaseName="RadAvlH" BaseNameTextRef="TxG_BA_27758.23" ReplacementString="" TagAttribute="All" />
      <BAObject Name="CclAvlDhu(*)" Type="4" Id="28424217" Description="CclAvlDhu" GroupMemberPropName="Present_Value" DefaultValue="False" Operation="2" DefaultPriority="16" BaseName="CclAvlDhu" BaseNameTextRef="TxG_BA_27758.25" ReplacementString="" TagAttribute="All" />
      <BAObject Name="DmpOaAvlVnt(*)" Type="4" Id="28424222" Description="DmpOaAvlVnt" GroupMemberPropName="Present_Value" DefaultValue="False" Operation="2" DefaultPriority="16" BaseName="DmpOaAvlVnt" BaseNameTextRef="TxG_BA_27758.30" ReplacementString="" TagAttribute="All" />
      <BAObject Name="VavSuAvlC(*)" Type="14" Id="28424223" Description="VavSuAvlC" GroupMemberPropName="Present_Value" DefaultValue="False" Operation="2" DefaultPriority="16" BaseName="VavSuAvlC" BaseNameTextRef="TxG_BA_27758.31" ReplacementString="" TagAttribute="All" />
      <BAObject Name="VavSuAvlH(*)" Type="14" Id="28424225" Description="VavSuAvlH" GroupMemberPropName="Present_Value" DefaultValue="False" Operation="2" DefaultPriority="16" BaseName="VavSuAvlH" BaseNameTextRef="TxG_BA_27758.33" ReplacementString="" TagAttribute="All" />
      <BAObject Name="VavSuAvlVnt(*)" Type="14" Id="28424227" Description="VavSuAvlVnt" GroupMemberPropName="Present_Value" DefaultValue="False" Operation="2" DefaultPriority="16" BaseName="VavSuAvlVnt" BaseNameTextRef="TxG_BA_27758.35" ReplacementString="" TagAttribute="All" />
      <BAObject Name="VavExAvlVnt(*)" Type="14" Id="28424228" Description="VavExAvlVnt" GroupMemberPropName="Present_Value" DefaultValue="False" Operation="2" DefaultPriority="16" BaseName="VavExAvlVnt" BaseNameTextRef="TxG_BA_27758.36" ReplacementString="" TagAttribute="All" />
      <BAObject Name="FanAvlVnt(*)" Type="4" Id="28424229" Description="FanAvlVnt" GroupMemberPropName="Present_Value" DefaultValue="False" Operation="2" DefaultPriority="16" BaseName="FanAvlVnt" BaseNameTextRef="TxG_BA_27758.37" ReplacementString="" TagAttribute="All" />
      <BAObject Name="RThLdCnd(*)" Type="16" Id="28450816" Description="RThLdCnd" GroupMemberPropName="Present_Value" DefaultValue="1" Operation="1" DefaultPriority="16" BaseName="RThLdCnd" BaseNameTextRef="TxG_BA_3251.10" ReplacementString="" TagAttribute="All" />
      <BAObject Name="HCDmd(*)" Type="12" Id="28459014" Description="HCDmd" GroupMemberPropName="Present_Value" DefaultValue="1" Operation="1" DefaultPriority="16" BaseName="HCDmd" BaseNameTextRef="TxG_BA_27792.6" ReplacementString="" TagAttribute="All" />
      <BAObject Name="DmpOaCReq(*)" Type="12" Id="28499971" Description="DmpOaCReq" GroupMemberPropName="Present_Value" DefaultValue="0" Operation="1" DefaultPriority="16" BaseName="DmpOaCReq" BaseNameTextRef="TxG_BA_27832.3" ReplacementString="" TagAttribute="All" />
      <BAObject Name="FanCReq(*)" Type="12" Id="28499972" Description="FanCReq" GroupMemberPropName="Present_Value" DefaultValue="0" Operation="1" DefaultPriority="16" BaseName="FanCReq" BaseNameTextRef="TxG_BA_27832.4" ReplacementString="" TagAttribute="All" />
      <BAObject Name="CclCReq(*)" Type="12" Id="28499973" Description="CclCReq" GroupMemberPropName="Present_Value" DefaultValue="0" Operation="1" DefaultPriority="16" BaseName="CclCReq" BaseNameTextRef="TxG_BA_27832.5" ReplacementString="" TagAttribute="All" />
      <BAObject Name="HCclCReq(*)" Type="12" Id="28499974" Description="HCclCReq" GroupMemberPropName="Present_Value" DefaultValue="0" Operation="1" DefaultPriority="16" BaseName="HCclCReq" BaseNameTextRef="TxG_BA_27832.6" ReplacementString="" TagAttribute="All" />
      <BAObject Name="RcgCReq(*)" Type="12" Id="28499975" Description="RcgCReq" GroupMemberPropName="Present_Value" DefaultValue="0" Operation="1" DefaultPriority="16" BaseName="RcgCReq" BaseNameTextRef="TxG_BA_27832.7" ReplacementString="" TagAttribute="All" />
      <BAObject Name="FanHReq(*)" Type="12" Id="28499977" Description="FanHReq" GroupMemberPropName="Present_Value" DefaultValue="0" Operation="1" DefaultPriority="16" BaseName="FanHReq" BaseNameTextRef="TxG_BA_27832.9" ReplacementString="" TagAttribute="All" />
      <BAObject Name="HCclHReq(*)" Type="12" Id="28499978" Description="HCclHReq" GroupMemberPropName="Present_Value" DefaultValue="0" Operation="1" DefaultPriority="16" BaseName="HCclHReq" BaseNameTextRef="TxG_BA_27832.10" ReplacementString="" TagAttribute="All" />
      <BAObject Name="HclHReq(*)" Type="12" Id="28499979" Description="HclHReq" GroupMemberPropName="Present_Value" DefaultValue="0" Operation="1" DefaultPriority="16" BaseName="HclHReq" BaseNameTextRef="TxG_BA_27832.11" ReplacementString="" TagAttribute="All" />
      <BAObject Name="RcgHReq(*)" Type="12" Id="28499980" Description="RcgHReq" GroupMemberPropName="Present_Value" DefaultValue="0" Operation="1" DefaultPriority="16" BaseName="RcgHReq" BaseNameTextRef="TxG_BA_27832.12" ReplacementString="" TagAttribute="All" />
      <BAObject Name="RadHReq(*)" Type="12" Id="28499981" Description="RadHReq" GroupMemberPropName="Present_Value" DefaultValue="0" Operation="1" DefaultPriority="16" BaseName="RadHReq" BaseNameTextRef="TxG_BA_27832.13" ReplacementString="" TagAttribute="All" />
      <BAObject Name="CclDhuReq(*)" Type="12" Id="28499983" Description="CclDhuReq" GroupMemberPropName="Present_Value" DefaultValue="0" Operation="1" DefaultPriority="16" BaseName="CclDhuReq" BaseNameTextRef="TxG_BA_27832.15" ReplacementString="" TagAttribute="All" />
      <BAObject Name="DmpOaVntReq(*)" Type="12" Id="28499986" Description="DmpOaVntReq" GroupMemberPropName="Present_Value" DefaultValue="0" Operation="1" DefaultPriority="16" BaseName="DmpOaVntReq" BaseNameTextRef="TxG_BA_27832.18" ReplacementString="" TagAttribute="All" />
      <BAObject Name="VavSuVntReq(*)" Type="12" Id="28499987" Description="VavSuVntReq" GroupMemberPropName="Present_Value" DefaultValue="0" Operation="1" DefaultPriority="16" BaseName="VavSuVntReq" BaseNameTextRef="TxG_BA_27832.19" ReplacementString="" TagAttribute="All" />
      <BAObject Name="VavExVntReq(*)" Type="12" Id="28499988" Description="VavExVntReq" GroupMemberPropName="Present_Value" DefaultValue="0" Operation="1" DefaultPriority="16" BaseName="VavExVntReq" BaseNameTextRef="TxG_BA_27832.20" ReplacementString="" TagAttribute="All" />
      <BAObject Name="FanVntReq(*)" Type="12" Id="28499989" Description="FanVntReq" GroupMemberPropName="Present_Value" DefaultValue="0" Operation="1" DefaultPriority="16" BaseName="FanVntReq" BaseNameTextRef="TxG_BA_27832.21" ReplacementString="" TagAttribute="All" />
      <BAObject Name="VavSuCReq(*)" Type="12" Id="28499990" Description="VavSuCReq" GroupMemberPropName="Present_Value" DefaultValue="0" Operation="1" DefaultPriority="16" BaseName="VavSuCReq" BaseNameTextRef="TxG_BA_27832.22" ReplacementString="" TagAttribute="All" />
      <BAObject Name="VavSuHReq(*)" Type="12" Id="28499991" Description="VavSuHReq" GroupMemberPropName="Present_Value" DefaultValue="0" Operation="1" DefaultPriority="16" BaseName="VavSuHReq" BaseNameTextRef="TxG_BA_27832.23" ReplacementString="" TagAttribute="All" />
      <BAObject Name="CclCReqMin(*)" Type="1" Id="28499995" Description="CclCReqMin" GroupMemberPropName="Present_Value" DefaultValue="0" Operation="2" DefaultPriority="16" BaseName="CclCReqMin" BaseNameTextRef="TxG_BA_27832.27" ReplacementString="" TagAttribute="All" />
      <BAObject Name="HCclHReqMin(*)" Type="1" Id="28499996" Description="HCclHReqMin" GroupMemberPropName="Present_Value" DefaultValue="0" Operation="2" DefaultPriority="16" BaseName="HCclHReqMin" BaseNameTextRef="TxG_BA_27832.28" ReplacementString="" TagAttribute="All" />
      <BAObject Name="HCclCReqMin(*)" Type="1" Id="28499997" Description="HCclCReqMin" GroupMemberPropName="Present_Value" DefaultValue="0" Operation="2" DefaultPriority="16" BaseName="HCclCReqMin" BaseNameTextRef="TxG_BA_27832.29" ReplacementString="" TagAttribute="All" />
      <BAObject Name="HclHReqMin(*)" Type="1" Id="28499998" Description="HclHReqMin" GroupMemberPropName="Present_Value" DefaultValue="0" Operation="2" DefaultPriority="16" BaseName="HclHReqMin" BaseNameTextRef="TxG_BA_27832.30" ReplacementString="" TagAttribute="All" />
      <BAObject Name="RadHReqMin(*)" Type="1" Id="28499999" Description="RadHReqMin" GroupMemberPropName="Present_Value" DefaultValue="0" Operation="2" DefaultPriority="16" BaseName="RadHReqMin" BaseNameTextRef="TxG_BA_27832.31" ReplacementString="" TagAttribute="All" />
      <BAObject Name="HuRelR(*)" Type="1" Id="28566529" Description="HuRelR" GroupMemberPropName="Present_Value" DefaultValue="0" Operation="2" DefaultPriority="16" BaseName="HuRelR" BaseNameTextRef="TxG_BA_27897.1" ReplacementString="" TagAttribute="All" />
      <BAObject Name="VavSuAirFlTck(*)" Type="12" Id="28619790" Description="VavSuAirFlTck" GroupMemberPropName="Present_Value" DefaultValue="0" Operation="2" DefaultPriority="16" BaseName="VavSuAirFlTck" BaseNameTextRef="TxG_BA_27949.14" ReplacementString="" TagAttribute="All" />
      <BAObject Name="VavSuAflPvdVnt(*)" Type="12" Id="28619816" Description="VavSuAflPvdVnt" GroupMemberPropName="Present_Value" DefaultValue="0" Operation="2" DefaultPriority="16" BaseName="VavSuAflPvdVnt" BaseNameTextRef="TxG_BA_27949.40" ReplacementString="" TagAttribute="All" />
      <BAObject Name="VavExAflPvdVnt(*)" Type="12" Id="28619818" Description="VavExAflPvdVnt" GroupMemberPropName="Present_Value" DefaultValue="0" Operation="2" DefaultPriority="16" BaseName="VavExAflPvdVnt" BaseNameTextRef="TxG_BA_27949.42" ReplacementString="" TagAttribute="All" />
    </OwnedBAObjects>
  </Entity>
</LMT>