﻿<?xml version="1.0" encoding="utf-8"?>
<LMT xmlns:xsi="http://www.w3.org/2001/XMLSchema-instance" xmlns:xsd="http://www.w3.org/2001/XMLSchema">
  <DocumentHeader SchemaVersion="1.2" ModificationDate="2014-11-11T15:31:13.8607088+01:00" CreationID="77" BuildInfo="12.0.560.0">
    <HashInfo SerialKey="619380a9c862efc1b3b9834fad3ed19e433d16a193f7a178" />
    <AutomationDeviceInfo DeviceType="DXR2.E12P" SVS="300" Units="0" />
  </DocumentHeader>
  <HWDeviceProperties Type="Sarb">
    <Device DeviceType="QMX3.P74" DeviceName="Segment_208_1@ROpUnDev">
      <Attributes Type="Properties">
        <Attribute MainParent="" Parent="" MDDAttribute="Alarming" Value="0" DefaultValue="0" />
        <Attribute MainParent="" Parent="" MDDAttribute="AvailablePositionNumbers" Value="1-2" DefaultValue="1-2" />
        <Attribute MainParent="" Parent="" MDDAttribute="BuildingZone_AC1" Value="3" DefaultValue="1" />
        <Attribute MainParent="" Parent="" MDDAttribute="BuildingZone_AC2" Value="1" DefaultValue="1" />
        <Attribute MainParent="" Parent="" MDDAttribute="BuildingZone_AC3" Value="1" DefaultValue="1" />
        <Attribute MainParent="" Parent="" MDDAttribute="BuildingZone_AC4" Value="1" DefaultValue="1" />
        <Attribute MainParent="" Parent="" MDDAttribute="BuildingZone_AC5" Value="1" DefaultValue="1" />
        <Attribute MainParent="" Parent="" MDDAttribute="BuildingZone_AC6" Value="1" DefaultValue="1" />
        <Attribute MainParent="" Parent="" MDDAttribute="BuildingZone_AC7" Value="1" DefaultValue="1" />
        <Attribute MainParent="" Parent="" MDDAttribute="BuildingZone_AC8" Value="1" DefaultValue="1" />
        <Attribute MainParent="" Parent="" MDDAttribute="BuildingZone_AC9" Value="1" DefaultValue="1" />
        <Attribute MainParent="" Parent="" MDDAttribute="ChannelAddresses" Value="Length = 1, DefaultHandler = True, {{0, 16777215}}}" />
        <Attribute MainParent="" Parent="" MDDAttribute="Comment" Value="ROpUn_QMX3.P74_GenHvac" />
        <Attribute MainParent="" Parent="" MDDAttribute="ConfigObjectTypeName" Value="BASys\Slaves\PL-Link Slaves\QMX3.P74_V1.0" />
        <Attribute MainParent="" Parent="" MDDAttribute="DeviceAddress" Value="255" DefaultValue="255" />
        <Attribute MainParent="" Parent="" MDDAttribute="DeviceItemPlugLevels" Value="2" DefaultValue="2" />
        <Attribute MainParent="" Parent="" MDDAttribute="DeviceNumber" Value="1" DefaultValue="0" />
        <Attribute MainParent="" Parent="" MDDAttribute="InvariantTypeName" Value="QMX3.P74" DefaultValue="QMX3.P74" />
        <Attribute MainParent="" Parent="" MDDAttribute="IsSerialNumberUsed" Value="0" DefaultValue="0" />
        <Attribute MainParent="" Parent="" MDDAttribute="LinkedDeviceDescription" Value="Room operator unit device" />
        <Attribute MainParent="" Parent="" MDDAttribute="ModelName" Value="QMX3.P74" DefaultValue="QMX3.P74" />
        <Attribute MainParent="" Parent="" MDDAttribute="Name" Value="Segment_208_1@ROpUnDev" DefaultValue="QMX3.P74_1" />
        <Attribute MainParent="" Parent="" MDDAttribute="NumberOfChannels" Value="1" DefaultValue="1" />
        <Attribute MainParent="" Parent="" MDDAttribute="OrderNumber" Value="QMX3.P74" DefaultValue="QMX3.P74" />
        <Attribute MainParent="" Parent="" MDDAttribute="OutsideSensorZone" Value="23" DefaultValue="1" />
        <Attribute MainParent="" Parent="" MDDAttribute="PositionNumber" Value="1" DefaultValue="1" />
        <Attribute MainParent="" Parent="" MDDAttribute="Room_AC1" Value="8" DefaultValue="1" />
        <Attribute MainParent="" Parent="" MDDAttribute="Room_AC2" Value="1" DefaultValue="1" />
        <Attribute MainParent="" Parent="" MDDAttribute="Room_AC3" Value="1" DefaultValue="1" />
        <Attribute MainParent="" Parent="" MDDAttribute="Room_AC4" Value="1" DefaultValue="1" />
        <Attribute MainParent="" Parent="" MDDAttribute="Room_AC5" Value="1" DefaultValue="1" />
        <Attribute MainParent="" Parent="" MDDAttribute="Room_AC6" Value="1" DefaultValue="1" />
        <Attribute MainParent="" Parent="" MDDAttribute="Room_AC7" Value="1" DefaultValue="1" />
        <Attribute MainParent="" Parent="" MDDAttribute="Room_AC8" Value="1" DefaultValue="1" />
        <Attribute MainParent="" Parent="" MDDAttribute="Room_AC9" Value="1" DefaultValue="1" />
        <Attribute MainParent="" Parent="" MDDAttribute="RUWIsSerialNumberUsed" Value="0" DefaultValue="0" />
        <Attribute MainParent="" Parent="" MDDAttribute="SelectedCustomizedView" Value="QMX3_P74_GenHvac" />
        <Attribute MainParent="" Parent="" MDDAttribute="Subzone_AC1" Value="1" DefaultValue="1" />
        <Attribute MainParent="" Parent="" MDDAttribute="Subzone_AC2" Value="1" DefaultValue="1" />
        <Attribute MainParent="" Parent="" MDDAttribute="Subzone_AC3" Value="1" DefaultValue="1" />
        <Attribute MainParent="" Parent="" MDDAttribute="Subzone_AC4" Value="1" DefaultValue="1" />
        <Attribute MainParent="" Parent="" MDDAttribute="Subzone_AC5" Value="1" DefaultValue="1" />
        <Attribute MainParent="" Parent="" MDDAttribute="Subzone_AC6" Value="1" DefaultValue="1" />
        <Attribute MainParent="" Parent="" MDDAttribute="Subzone_AC7" Value="1" DefaultValue="1" />
        <Attribute MainParent="" Parent="" MDDAttribute="Subzone_AC8" Value="1" DefaultValue="1" />
        <Attribute MainParent="" Parent="" MDDAttribute="Subzone_AC9" Value="1" DefaultValue="1" />
        <Attribute MainParent="" Parent="" MDDAttribute="Type" Value="QMX3.P74" />
        <Attribute MainParent="" Parent="" MDDAttribute="TypeName" Value="QMX3.P74" DefaultValue="QMX3.P74" />
      </Attributes>
    </Device>
  </HWDeviceProperties>
  <Entity Type="42">
    <Property Name="Node_Type" Value="3" Type="Siemens.BASys.BAModel.Logic.EnumValue`1[Siemens.BASys.SDUDefinitions.BADefs.EBA_NodeType_SemanticTag]" />
    <Property Name="Node_Subtype" Value="~" Type="Siemens.BASys.BAModel.Logic.StringValue" />
    <Property Name="Reliability" Value="0" Type="Siemens.BASys.BAModel.Logic.EnumValue`1[Siemens.BASys.SDUDefinitions.BADefs.EBACnetReliability]" />
    <Property Name="Subordinate_List" Value="[(Unassigned|MVAL,185)|(Unassigned|BVAL,87)|(Unassigned|BVAL,88)|(Unassigned|MVAL,186)|(Unassigned|AI,85)|(Unassigned|AVAL,113)|(Unassigned|MVAL,187)|(Unassigned|MVAL,189)|(Unassigned|AVAL,116)|(Unassigned|AVAL,115)|(Unassigned|MVAL,188)|(Unassigned|AVAL,114)|(Unassigned|BVAL,86)|(Unassigned|AVAL,111)|(Unassigned|AVAL,112)|(Unassigned|MVAL,184)|(Unassigned|AVAL,109)|(Unassigned|AVAL,110)|(Unassigned|BVAL,83)|(Unassigned|AI,83)|(Unassigned|AI,84)|(Unassigned|BVAL,85)|(Unassigned|BVAL,84)]" Type="Siemens.BASys.BAModel.Logic.ArrayValue" />
    <Property Name="Subordinate_Annotations" Value="[ROpUn|LockOpRu|REeiRstIn|REeiRu|TR|FanSpdRu|HCStaRu|RClmOpModRu|PrSpRu|TRRu|AQualRIndRu|HuRelRRu|WndContRu|TOaRu|SpShftIn|RClmOpModIn|PrSpShftRu|FanSpdIn|FanOpIn|AQualR|HuRelR|PscBtnIn|PscBtnRu]" Type="Siemens.BASys.BAModel.Logic.StringValueArray" />
    <Property Name="Ds1_Subordinate_Attributes" Value="[{True}|{True}|{True}|{True}|{True}|{True}|{True}|{True}|{True}|{True}|{True}|{True}|{True}|{True}|{True}|{True}|{True}|{True}|{True}|{True}|{True}|{True}|{True}]" Type="Siemens.BASys.BAModel.Logic.ArrayValue" />
    <Property Name="Ds1_Main_Index" Value="0" Type="Siemens.BASys.BAModel.Logic.Value`1[System.Int32]" />
    <Property Name="Ds1_Ba_Object_Access" Value="6" Type="Siemens.BASys.BAModel.Logic.EnumValue`1[Siemens.BASys.SDUDefinitions.BADefs.EReadWriteAccessSensitivity]" />
    <Property Name="Ds1_Ba_Object_Usage" Value="0" Type="Siemens.BASys.BAModel.Logic.EnumValue`1[Siemens.BASys.SDUDefinitions.BADefs.EBA_Object_Usage]" />
    <Property Name="Description" Value="Room operator unit device" Type="Siemens.BASys.BAModel.Logic.StringValue" />
    <Property Name="Object_Identifier" Value="121635033" Type="Siemens.BASys.BAModel.Logic.ObjectIdentifierValue" />
    <Property Name="Object_Name" Value="Segment_208_1'ROpUnDev" Type="Siemens.BASys.BAModel.Logic.StringValue" />
    <Property Name="Object_Type" Value="29" Type="Siemens.BASys.BAModel.Logic.EnumValue`1[Siemens.BASys.SDUDefinitions.BADefs.EBACnetObjectType]" />
    <Property Name="Ds1_Ba_Prototype" Value="42" Type="Siemens.BASys.BAModel.Logic.EnumValue`1[Siemens.BASys.SDUDefinitions.BADefs.EBA_ObjPrototypeName]" />
    <Property Name="Profile_Name" Value="7-BA-RDS1-042-SBCv13.20" Type="Siemens.BASys.BAModel.Logic.StringValue" />
    <Property Name="InterfaceName" Value="ROpUnDev(1)" Type="String" />
    <Property Name="IsOwned" Value="True" Type="System.Boolean" />
    <Property Name="AutoConnect" Value="True" />
    <Property Name="PartName" Value="ROpUnDev" Type="TxG_BA_27822.88" />
    <Property Name="BaseName" Value="ROpUnDev" Type="TxG_BA_27822.88" />
    <Property Name="Replacement" Value="1" />
    <Property Name="TagAttribute" Value="Define" Type="TagEnum" />
    <Property Name="DescriptionTextRef" Value="TxG_BA_27823.88" />
    <OwnedBAObjects>
      <BAObject Name="Segment_208_1'ROpUnDev'ROpUn" Type="BAPeripheralDevice" Id="79691961">
        <Property Name="Present_Value" Value="1" Type="Siemens.BASys.BAModel.Logic.EnumValue`1[Siemens.BASys.SDUDefinitions.BADefs.EBA_PeripheralDeviceStateType]" />
        <Property Name="Ds1_Tracking_Value" Value="1" Type="Siemens.BASys.BAModel.Logic.EnumValue`1[Siemens.BASys.SDUDefinitions.BADefs.EBA_PeripheralDeviceStateType]" />
        <Property Name="Status_Flags" Value="{False|False|False|False}" Type="Siemens.BASys.BAModel.Logic.BitStringValue" />
        <Property Name="Reliability" Value="0" Type="Siemens.BASys.BAModel.Logic.EnumValue`1[Siemens.BASys.SDUDefinitions.BADefs.EBACnetReliability]" />
        <Property Name="Out_Of_Service" Value="False" Type="Siemens.BASys.BAModel.Logic.BoolValue" />
        <Property Name="Ds1_Ioaddress" Value="PL-1:DL=1;" Type="Siemens.BASys.BAModel.Logic.StringValue" />
        <Property Name="Ds1_Update_Count" Value="0" Type="Siemens.BASys.BAModel.Logic.Value`1[System.UInt32]" />
        <Property Name="Number_Of_States" Value="8" Type="Siemens.BASys.BAModel.Logic.Value`1[System.Int32]" />
        <Property Name="State_Text" Value="87425025|87425026|87425027|87425028|87425029|87425030|87425031|87425032|87490559" Type="System.UInt32" />
        <Property Name="Ds1_Peripheral_Device_Type" Value="QMX3.P74" Type="Siemens.BASys.BAModel.Logic.StringValue" />
        <Property Name="Ds1_Peripheral_Device_Info" Value="~" Type="Siemens.BASys.BAModel.Logic.StringValue" />
        <Property Name="Ds1_Network_Address" Value="~" Type="Siemens.BASys.BAModel.Logic.StringValue" />
        <Property Name="Ds1_Serial_Number" Value="~" Type="Siemens.BASys.BAModel.Logic.StringValue" />
        <Property Name="Ds1_Commissioning_State" Value="0" Type="Siemens.BASys.BAModel.Logic.EnumValue`1[Siemens.BASys.SDUDefinitions.BADefs.EBA_Commissioning_State]" />
        <Property Name="Ds1_Commissioning_Info" Value="~" Type="Siemens.BASys.BAModel.Logic.StringValue" />
        <Property Name="Ds1_Reliability_Error_List" Value="{}" Type="Siemens.BASys.BAModel.Logic.ListValue" />
        <Property Name="Ds1_Display_Temperature" Value="1" Type="Siemens.BASys.BAModel.Logic.EnumValue" />
        <Property Name="Ds1_Display_Humidity" Value="0" Type="Siemens.BASys.BAModel.Logic.EnumValue" />
        <Property Name="Ds1_Display_Window_Status" Value="False" Type="Siemens.BASys.BAModel.Logic.BoolValue" />
        <Property Name="Ds1_Display_Air_Quality" Value="0" Type="Siemens.BASys.BAModel.Logic.EnumValue" />
        <Property Name="Ds1_Air_Quality_Representation" Value="1" Type="Siemens.BASys.BAModel.Logic.EnumValue" />
        <Property Name="Ds1_Display_Heating_Cooling_Status" Value="False" Type="Siemens.BASys.BAModel.Logic.BoolValue" />
        <Property Name="Ds1_Enable_Rtemp_Setp_Operation" Value="False" Type="Siemens.BASys.BAModel.Logic.BoolValue" />
        <Property Name="Ds1_Rtemp_Setp_Representation" Value="0" Type="Siemens.BASys.BAModel.Logic.EnumValue" />
        <Property Name="Ds1_Enable_Fspeed_Setp_Operation" Value="False" Type="Siemens.BASys.BAModel.Logic.BoolValue" />
        <Property Name="Ds1_Enable_Rhumidity_Setp_Operation" Value="False" Type="Siemens.BASys.BAModel.Logic.BoolValue" />
        <Property Name="Ds1_Enable_Airquality_Setp_Operation" Value="False" Type="Siemens.BASys.BAModel.Logic.BoolValue" />
        <Property Name="Ds1_Enable_Presence_Button_Operation" Value="False" Type="Siemens.BASys.BAModel.Logic.BoolValue" />
        <Property Name="Ds1_Enable_Comfort_Prolongation_Op" Value="False" Type="Siemens.BASys.BAModel.Logic.BoolValue" />
        <Property Name="Ds1_Enable_Room_Opmode_Operation" Value="False" Type="Siemens.BASys.BAModel.Logic.BoolValue" />
        <Property Name="Ds1_Enable_Green_Leaf" Value="False" Type="Siemens.BASys.BAModel.Logic.BoolValue" />
        <Property Name="Ds1_Io_Extension" Value="2" Type="Siemens.BASys.BAModel.Logic.EnumValue" />
        <Property Name="Event_State" Value="0" Type="Siemens.BASys.BAModel.Logic.EnumValue`1[Siemens.BASys.SDUDefinitions.BADefs.EBACnetEventState]" />
        <Property Name="Ds1_Ba_Object_Access" Value="5" Type="Siemens.BASys.BAModel.Logic.EnumValue`1[Siemens.BASys.SDUDefinitions.BADefs.EReadWriteAccessSensitivity]" />
        <Property Name="Ds1_Ba_Object_Usage" Value="0" Type="Siemens.BASys.BAModel.Logic.EnumValue`1[Siemens.BASys.SDUDefinitions.BADefs.EBA_Object_Usage]" />
        <Property Name="Description" Value="Room operator unit" Type="Siemens.BASys.BAModel.Logic.StringValue" />
        <Property Name="Object_Name" Value="Segment_208_1'ROpUnDev'ROpUn" Type="Siemens.BASys.BAModel.Logic.StringValue" />
        <Property Name="Object_Identifier" Value="79691961" Type="Siemens.BASys.BAModel.Logic.ObjectIdentifierValue" />
        <Property Name="Object_Type" Value="19" Type="Siemens.BASys.BAModel.Logic.EnumValue`1[Siemens.BASys.SDUDefinitions.BADefs.EBACnetObjectType]" />
        <Property Name="Ds1_Ba_Prototype" Value="24" Type="Siemens.BASys.BAModel.Logic.EnumValue`1[Siemens.BASys.SDUDefinitions.BADefs.EBA_ObjPrototypeName]" />
        <Property Name="Profile_Name" Value="7-BA-RDS1-024-SBCv13.20" Type="Siemens.BASys.BAModel.Logic.StringValue" />
        <Property Name="InterfaceName" Value="ROpUn" Type="String" />
        <Property Name="IsOwned" Value="True" Type="System.Boolean" />
        <Property Name="AutoConnect" Value="True" />
        <Property Name="PartName" Value="ROpUn" Type="TxG_BA_27816.0" />
        <Property Name="BaseName" Value="ROpUn" Type="TxG_BA_27816.0" />
        <Property Name="TagAttribute" Value="None" Type="TagEnum" />
        <Property Name="DescriptionTextRef" Value="TxG_BA_27817.0" />
      </BAObject>
      <BAObject Name="Segment_208_1'ROpUnDev'LockOpRu" Type="BABinaryProcessValue" Id="20971607">
        <Property Name="Present_Value" Value="False" Type="Siemens.BASys.BAModel.Logic.BoolValue" />
        <Property Name="Priority_Array" Value="[NULL|NULL|NULL|NULL|NULL|NULL|NULL|NULL|NULL|NULL|NULL|NULL|NULL|NULL|NULL|NULL]" Type="Siemens.BASys.BAModel.Logic.ArrayValue" />
        <Property Name="Ds1_Present_Priority" Value="17" Type="Siemens.BASys.BAModel.Logic.EnumValue`1[Siemens.BASys.BAModel.Logic.EBA_Present_Priority_Array_Index]" />
        <Property Name="Relinquish_Default" Value="False" Type="Siemens.BASys.BAModel.Logic.BoolValue" />
        <Property Name="Status_Flags" Value="{False|False|False|False}" Type="Siemens.BASys.BAModel.Logic.BitStringValue" />
        <Property Name="Reliability" Value="0" Type="Siemens.BASys.BAModel.Logic.EnumValue`1[Siemens.BASys.SDUDefinitions.BADefs.EBACnetReliability]" />
        <Property Name="Out_Of_Service" Value="False" Type="Siemens.BASys.BAModel.Logic.BoolValue" />
        <Property Name="Ds1_Ioaddress" Value="PL-1:PR=SASN.DeviceLocked;GEO=3.8.1;" Type="Siemens.BASys.BAModel.Logic.StringValue" />
        <Property Name="Ds1_Update_Count" Value="0" Type="Siemens.BASys.BAModel.Logic.Value`1[System.UInt32]" />
        <Property Name="Inactive_Text" Value="1826619392" Type="System.UInt32" />
        <Property Name="Active_Text" Value="1826619393" Type="System.UInt32" />
        <Property Name="Event_State" Value="0" Type="Siemens.BASys.BAModel.Logic.EnumValue`1[Siemens.BASys.SDUDefinitions.BADefs.EBACnetEventState]" />
        <Property Name="Ds1_Ba_Object_Access" Value="3" Type="Siemens.BASys.BAModel.Logic.EnumValue`1[Siemens.BASys.SDUDefinitions.BADefs.EReadWriteAccessSensitivity]" />
        <Property Name="Ds1_Ba_Object_Usage" Value="0" Type="Siemens.BASys.BAModel.Logic.EnumValue`1[Siemens.BASys.SDUDefinitions.BADefs.EBA_Object_Usage]" />
        <Property Name="Description" Value="Lock operation for room operator unit" Type="Siemens.BASys.BAModel.Logic.StringValue" />
        <Property Name="Object_Name" Value="Segment_208_1'ROpUnDev'LockOpRu" Type="Siemens.BASys.BAModel.Logic.StringValue" />
        <Property Name="Object_Identifier" Value="20971607" Type="Siemens.BASys.BAModel.Logic.ObjectIdentifierValue" />
        <Property Name="Object_Type" Value="5" Type="Siemens.BASys.BAModel.Logic.EnumValue`1[Siemens.BASys.SDUDefinitions.BADefs.EBACnetObjectType]" />
        <Property Name="Ds1_Ba_Prototype" Value="5" Type="Siemens.BASys.BAModel.Logic.EnumValue`1[Siemens.BASys.SDUDefinitions.BADefs.EBA_ObjPrototypeName]" />
        <Property Name="Profile_Name" Value="7-BA-RDS1-005-SBCv13.20" Type="Siemens.BASys.BAModel.Logic.StringValue" />
        <Property Name="StateTextReference" Value="1826684927" Type="System.UInt32" />
        <Property Name="InterfaceName" Value="LockOpRu" Type="String" />
        <Property Name="IsOwned" Value="True" Type="System.Boolean" />
        <Property Name="AutoConnect" Value="True" />
        <Property Name="PartName" Value="LockOpRu" Type="TxG_BA_27708.10" />
        <Property Name="BaseName" Value="LockOpRu" Type="TxG_BA_27708.10" />
        <Property Name="TagAttribute" Value="None" Type="TagEnum" />
        <Property Name="DescriptionTextRef" Value="TxG_BA_27709.10" />
      </BAObject>
      <BAObject Name="Segment_208_1'ROpUnDev'REeiRstIn" Type="BABinaryCalculatedValue" Id="20971608">
        <Property Name="Present_Value" Value="False" Type="Siemens.BASys.BAModel.Logic.BoolValue" />
        <Property Name="Ds1_Tracking_Value" Value="False" Type="Siemens.BASys.BAModel.Logic.BoolValue" />
        <Property Name="Status_Flags" Value="{False|False|False|False}" Type="Siemens.BASys.BAModel.Logic.BitStringValue" />
        <Property Name="Reliability" Value="0" Type="Siemens.BASys.BAModel.Logic.EnumValue`1[Siemens.BASys.SDUDefinitions.BADefs.EBACnetReliability]" />
        <Property Name="Out_Of_Service" Value="False" Type="Siemens.BASys.BAModel.Logic.BoolValue" />
        <Property Name="Ds1_Ioaddress" Value="PL-1:PR=EEF.EnergyEfficiencyRequest;GEO=3.8.1;" Type="Siemens.BASys.BAModel.Logic.StringValue" />
        <Property Name="Ds1_Update_Count" Value="0" Type="Siemens.BASys.BAModel.Logic.Value`1[System.UInt32]" />
        <Property Name="Inactive_Text" Value="70713344" Type="System.UInt32" />
        <Property Name="Active_Text" Value="70713345" Type="System.UInt32" />
        <Property Name="Event_State" Value="0" Type="Siemens.BASys.BAModel.Logic.EnumValue`1[Siemens.BASys.SDUDefinitions.BADefs.EBACnetEventState]" />
        <Property Name="Ds1_Ba_Object_Access" Value="3" Type="Siemens.BASys.BAModel.Logic.EnumValue`1[Siemens.BASys.SDUDefinitions.BADefs.EReadWriteAccessSensitivity]" />
        <Property Name="Ds1_Ba_Object_Usage" Value="0" Type="Siemens.BASys.BAModel.Logic.EnumValue`1[Siemens.BASys.SDUDefinitions.BADefs.EBA_Object_Usage]" />
        <Property Name="Description" Value="Reset of room energy effic.indic.input" Type="Siemens.BASys.BAModel.Logic.StringValue" />
        <Property Name="Object_Name" Value="Segment_208_1'ROpUnDev'REeiRstIn" Type="Siemens.BASys.BAModel.Logic.StringValue" />
        <Property Name="Object_Identifier" Value="20971608" Type="Siemens.BASys.BAModel.Logic.ObjectIdentifierValue" />
        <Property Name="Object_Type" Value="5" Type="Siemens.BASys.BAModel.Logic.EnumValue`1[Siemens.BASys.SDUDefinitions.BADefs.EBACnetObjectType]" />
        <Property Name="Ds1_Ba_Prototype" Value="14" Type="Siemens.BASys.BAModel.Logic.EnumValue`1[Siemens.BASys.SDUDefinitions.BADefs.EBA_ObjPrototypeName]" />
        <Property Name="Profile_Name" Value="7-BA-RDS1-014-SBCv13.20" Type="Siemens.BASys.BAModel.Logic.StringValue" />
        <Property Name="StateTextReference" Value="70778879" Type="System.UInt32" />
        <Property Name="InterfaceName" Value="REeiRstIn" Type="String" />
        <Property Name="IsOwned" Value="True" Type="System.Boolean" />
        <Property Name="AutoConnect" Value="True" />
        <Property Name="PartName" Value="REeiRstIn" Type="TxG_BA_27732.48" />
        <Property Name="BaseName" Value="REeiRstIn" Type="TxG_BA_27732.48" />
        <Property Name="TagAttribute" Value="None" Type="TagEnum" />
        <Property Name="DescriptionTextRef" Value="TxG_BA_27733.48" />
      </BAObject>
      <BAObject Name="Segment_208_1'ROpUnDev'REeiRu" Type="BAMultistateProcessValue" Id="79691962">
        <Property Name="Present_Value" Value="0" Type="Siemens.BASys.BAModel.Logic.EnumValue" />
        <Property Name="Priority_Array" Value="[NULL|NULL|NULL|NULL|NULL|NULL|NULL|NULL|NULL|NULL|NULL|NULL|NULL|NULL|NULL|NULL]" Type="Siemens.BASys.BAModel.Logic.ArrayValue" />
        <Property Name="Ds1_Present_Priority" Value="17" Type="Siemens.BASys.BAModel.Logic.EnumValue`1[Siemens.BASys.BAModel.Logic.EBA_Present_Priority_Array_Index]" />
        <Property Name="Relinquish_Default" Value="1" Type="Siemens.BASys.BAModel.Logic.EnumValue" />
        <Property Name="Status_Flags" Value="{False|False|False|False}" Type="Siemens.BASys.BAModel.Logic.BitStringValue" />
        <Property Name="Reliability" Value="0" Type="Siemens.BASys.BAModel.Logic.EnumValue`1[Siemens.BASys.SDUDefinitions.BADefs.EBACnetReliability]" />
        <Property Name="Out_Of_Service" Value="False" Type="Siemens.BASys.BAModel.Logic.BoolValue" />
        <Property Name="Ds1_Ioaddress" Value="PL-1:PR=EEF.EnergyEfficiencyIndication;GEO=3.8.1;" Type="Siemens.BASys.BAModel.Logic.StringValue" />
        <Property Name="Ds1_Update_Count" Value="0" Type="Siemens.BASys.BAModel.Logic.Value`1[System.UInt32]" />
        <Property Name="Number_Of_States" Value="5" Type="Siemens.BASys.BAModel.Logic.Value`1[System.Int32]" />
        <Property Name="State_Text" Value="213647361|213647362|213647363|213647364|213647365|213712895" Type="System.UInt32" />
        <Property Name="Event_State" Value="0" Type="Siemens.BASys.BAModel.Logic.EnumValue`1[Siemens.BASys.SDUDefinitions.BADefs.EBACnetEventState]" />
        <Property Name="Ds1_Ba_Object_Access" Value="3" Type="Siemens.BASys.BAModel.Logic.EnumValue`1[Siemens.BASys.SDUDefinitions.BADefs.EReadWriteAccessSensitivity]" />
        <Property Name="Ds1_Ba_Object_Usage" Value="0" Type="Siemens.BASys.BAModel.Logic.EnumValue`1[Siemens.BASys.SDUDefinitions.BADefs.EBA_Object_Usage]" />
        <Property Name="Description" Value="Energy effic.indic.room for room op.unit" Type="Siemens.BASys.BAModel.Logic.StringValue" />
        <Property Name="Object_Name" Value="Segment_208_1'ROpUnDev'REeiRu" Type="Siemens.BASys.BAModel.Logic.StringValue" />
        <Property Name="Object_Identifier" Value="79691962" Type="Siemens.BASys.BAModel.Logic.ObjectIdentifierValue" />
        <Property Name="Object_Type" Value="19" Type="Siemens.BASys.BAModel.Logic.EnumValue`1[Siemens.BASys.SDUDefinitions.BADefs.EBACnetObjectType]" />
        <Property Name="Ds1_Ba_Prototype" Value="8" Type="Siemens.BASys.BAModel.Logic.EnumValue`1[Siemens.BASys.SDUDefinitions.BADefs.EBA_ObjPrototypeName]" />
        <Property Name="Profile_Name" Value="7-BA-RDS1-008-SBCv13.20" Type="Siemens.BASys.BAModel.Logic.StringValue" />
        <Property Name="StateTextReference" Value="213712895" Type="System.UInt32" />
        <Property Name="InterfaceName" Value="REeiRu" Type="String" />
        <Property Name="IsOwned" Value="True" Type="System.Boolean" />
        <Property Name="AutoConnect" Value="True" />
        <Property Name="PartName" Value="REeiRu" Type="TxG_BA_27732.47" />
        <Property Name="BaseName" Value="REeiRu" Type="TxG_BA_27732.47" />
        <Property Name="TagAttribute" Value="None" Type="TagEnum" />
        <Property Name="DescriptionTextRef" Value="TxG_BA_27733.47" />
      </BAObject>
      <BAObject Name="Segment_208_1'ROpUnDev'TR" Type="BAAnalogInput" Id="85">
        <Property Name="Present_Value" Value="0" Type="Siemens.BASys.BAModel.Logic.Value`1[System.Single]" />
        <Property Name="Ds1_Tracking_Value" Value="0" Type="Siemens.BASys.BAModel.Logic.Value`1[System.Single]" />
        <Property Name="Status_Flags" Value="{False|False|False|False}" Type="Siemens.BASys.BAModel.Logic.BitStringValue" />
        <Property Name="Reliability" Value="0" Type="Siemens.BASys.BAModel.Logic.EnumValue`1[Siemens.BASys.SDUDefinitions.BADefs.EBACnetReliability]" />
        <Property Name="Out_Of_Service" Value="False" Type="Siemens.BASys.BAModel.Logic.BoolValue" />
        <Property Name="Ds1_Peripheral_Device_Type" Value="~" Type="Siemens.BASys.BAModel.Logic.StringValue" />
        <Property Name="Ds1_Ioaddress" Value="PL-1:PR=RTS.TempRoom;GEO=3.8.1;" Type="Siemens.BASys.BAModel.Logic.StringValue" />
        <Property Name="Ds1_Commissioning_State" Value="0" Type="Siemens.BASys.BAModel.Logic.EnumValue`1[Siemens.BASys.SDUDefinitions.BADefs.EBA_Commissioning_State]" />
        <Property Name="Ds1_Commissioning_Info" Value="~" Type="Siemens.BASys.BAModel.Logic.StringValue" />
        <Property Name="Ds1_Update_Count" Value="0" Type="Siemens.BASys.BAModel.Logic.Value`1[System.UInt32]" />
        <Property Name="Units" Value="62" Type="Siemens.BASys.BAModel.Logic.EnumValue`1[Siemens.BASys.BAModel.Logic.EBACnetEngineeringUnits]" />
        <Property Name="Resolution" Value="0.1" Type="Siemens.BASys.BAModel.Logic.Value`1[System.Single]" />
        <Property Name="Max_Pres_Value" Value="50" Type="Siemens.BASys.BAModel.Logic.Value`1[System.Single]" />
        <Property Name="Min_Pres_Value" Value="0" Type="Siemens.BASys.BAModel.Logic.Value`1[System.Single]" />
        <Property Name="Ds1_Correction_Offset" Value="0" Type="Siemens.BASys.BAModel.Logic.Value`1[System.Single]" />
        <Property Name="Ds1_Correction_Factor" Value="1" Type="Siemens.BASys.BAModel.Logic.Value`1[System.Single]" />
        <Property Name="Cov_Increment" Value="0.1" Type="Siemens.BASys.BAModel.Logic.Value`1[System.Single]" />
        <Property Name="Ds1_Io_Extension" Value="0" Type="Siemens.BASys.BAModel.Logic.EnumValue`1[Siemens.BASys.SDUDefinitions.BADefs.EBA_ExtEnum_Analog_Input]" />
        <Property Name="Ds1_Ba_Object_Access" Value="5" Type="Siemens.BASys.BAModel.Logic.EnumValue`1[Siemens.BASys.SDUDefinitions.BADefs.EReadWriteAccessSensitivity]" />
        <Property Name="Ds1_Ba_Object_Usage" Value="0" Type="Siemens.BASys.BAModel.Logic.EnumValue`1[Siemens.BASys.SDUDefinitions.BADefs.EBA_Object_Usage]" />
        <Property Name="Event_State" Value="0" Type="Siemens.BASys.BAModel.Logic.EnumValue`1[Siemens.BASys.SDUDefinitions.BADefs.EBACnetEventState]" />
        <Property Name="Description" Value="Room temperature" Type="Siemens.BASys.BAModel.Logic.StringValue" />
        <Property Name="Object_Name" Value="Segment_208_1'ROpUnDev'TR" Type="Siemens.BASys.BAModel.Logic.StringValue" />
        <Property Name="Object_Identifier" Value="85" Type="Siemens.BASys.BAModel.Logic.ObjectIdentifierValue" />
        <Property Name="Object_Type" Value="0" Type="Siemens.BASys.BAModel.Logic.EnumValue`1[Siemens.BASys.SDUDefinitions.BADefs.EBACnetObjectType]" />
        <Property Name="Ds1_Ba_Prototype" Value="1" Type="Siemens.BASys.BAModel.Logic.EnumValue`1[Siemens.BASys.SDUDefinitions.BADefs.EBA_ObjPrototypeName]" />
        <Property Name="Profile_Name" Value="7-BA-RDS1-001-SBCv13.20" Type="Siemens.BASys.BAModel.Logic.StringValue" />
        <Property Name="StateTextReference" Value="91029505" Type="System.UInt32" />
        <Property Name="InterfaceName" Value="TR" Type="String" />
        <Property Name="IsOwned" Value="True" Type="System.Boolean" />
        <Property Name="AutoConnect" Value="True" />
        <Property Name="PartName" Value="TR" Type="TxG_BA_25791.4" />
        <Property Name="BaseName" Value="TR" Type="TxG_BA_25791.4" />
        <Property Name="TagAttribute" Value="None" Type="TagEnum" />
        <Property Name="DescriptionTextRef" Value="TxG_BA_25792.4" />
      </BAObject>
      <BAObject Name="Segment_208_1'ROpUnDev'FanSpdRu" Type="BAAnalogProcessValue" Id="8388721">
        <Property Name="Present_Value" Value="NULL" Type="Siemens.BASys.BAModel.Logic.Value`1[System.Single]" />
        <Property Name="Priority_Array" Value="[NULL|NULL|NULL|NULL|NULL|NULL|NULL|NULL|NULL|NULL|NULL|NULL|NULL|NULL|NULL|NULL]" Type="Siemens.BASys.BAModel.Logic.ArrayValue" />
        <Property Name="Ds1_Present_Priority" Value="17" Type="Siemens.BASys.BAModel.Logic.EnumValue`1[Siemens.BASys.BAModel.Logic.EBA_Present_Priority_Array_Index]" />
        <Property Name="Relinquish_Default" Value="0" Type="Siemens.BASys.BAModel.Logic.Value`1[System.Single]" />
        <Property Name="Status_Flags" Value="{False|False|False|False}" Type="Siemens.BASys.BAModel.Logic.BitStringValue" />
        <Property Name="Reliability" Value="0" Type="Siemens.BASys.BAModel.Logic.EnumValue`1[Siemens.BASys.SDUDefinitions.BADefs.EBACnetReliability]" />
        <Property Name="Out_Of_Service" Value="False" Type="Siemens.BASys.BAModel.Logic.BoolValue" />
        <Property Name="Ds1_Ioaddress" Value="PL-1:PR=FSSM.FanSpeedEff;GEO=3.8.1;" Type="Siemens.BASys.BAModel.Logic.StringValue" />
        <Property Name="Ds1_Update_Count" Value="0" Type="Siemens.BASys.BAModel.Logic.Value`1[System.UInt32]" />
        <Property Name="Units" Value="98" Type="Siemens.BASys.BAModel.Logic.EnumValue`1[Siemens.BASys.BAModel.Logic.EBACnetEngineeringUnits]" />
        <Property Name="Resolution" Value="1" Type="Siemens.BASys.BAModel.Logic.Value`1[System.Single]" />
        <Property Name="Max_Pres_Value" Value="100" Type="Siemens.BASys.BAModel.Logic.Value`1[System.Single]" />
        <Property Name="Min_Pres_Value" Value="0" Type="Siemens.BASys.BAModel.Logic.Value`1[System.Single]" />
        <Property Name="Cov_Increment" Value="1" Type="Siemens.BASys.BAModel.Logic.Value`1[System.Single]" />
        <Property Name="Ds1_Io_Extension" Value="1" Type="Siemens.BASys.BAModel.Logic.EnumValue" />
        <Property Name="Event_State" Value="0" Type="Siemens.BASys.BAModel.Logic.EnumValue`1[Siemens.BASys.SDUDefinitions.BADefs.EBACnetEventState]" />
        <Property Name="Ds1_Ba_Object_Access" Value="3" Type="Siemens.BASys.BAModel.Logic.EnumValue`1[Siemens.BASys.SDUDefinitions.BADefs.EReadWriteAccessSensitivity]" />
        <Property Name="Ds1_Ba_Object_Usage" Value="0" Type="Siemens.BASys.BAModel.Logic.EnumValue`1[Siemens.BASys.SDUDefinitions.BADefs.EBA_Object_Usage]" />
        <Property Name="Description" Value="Fan speed for room operator unit" Type="Siemens.BASys.BAModel.Logic.StringValue" />
        <Property Name="Object_Name" Value="Segment_208_1'ROpUnDev'FanSpdRu" Type="Siemens.BASys.BAModel.Logic.StringValue" />
        <Property Name="Object_Identifier" Value="8388721" Type="Siemens.BASys.BAModel.Logic.ObjectIdentifierValue" />
        <Property Name="Object_Type" Value="2" Type="Siemens.BASys.BAModel.Logic.EnumValue`1[Siemens.BASys.SDUDefinitions.BADefs.EBACnetObjectType]" />
        <Property Name="Ds1_Ba_Prototype" Value="2" Type="Siemens.BASys.BAModel.Logic.EnumValue`1[Siemens.BASys.SDUDefinitions.BADefs.EBA_ObjPrototypeName]" />
        <Property Name="Profile_Name" Value="7-BA-RDS1-002-SBCv13.20" Type="Siemens.BASys.BAModel.Logic.StringValue" />
        <Property Name="Ds1_Number_Of_Fan_Steps" Value="2" Type="Siemens.BASys.BAModel.Logic.EnumValue" />
        <Property Name="Ds1_Rapid_Ventilation" Value="True" Type="Siemens.BASys.BAModel.Logic.BoolValue" />
        <Property Name="StateTextReference" Value="91029505" Type="System.UInt32" />
        <Property Name="InterfaceName" Value="FanSpdRu" Type="String" />
        <Property Name="IsOwned" Value="True" Type="System.Boolean" />
        <Property Name="AutoConnect" Value="True" />
        <Property Name="PartName" Value="FanSpdRu" Type="TxG_BA_27682.21" />
        <Property Name="BaseName" Value="FanSpdRu" Type="TxG_BA_27682.21" />
        <Property Name="TagAttribute" Value="None" Type="TagEnum" />
        <Property Name="DescriptionTextRef" Value="TxG_BA_27683.21" />
      </BAObject>
      <BAObject Name="Segment_208_1'ROpUnDev'HCStaRu" Type="BAMultistateProcessValue" Id="79691963">
        <Property Name="Present_Value" Value="0" Type="Siemens.BASys.BAModel.Logic.EnumValue" />
        <Property Name="Priority_Array" Value="[NULL|NULL|NULL|NULL|NULL|NULL|NULL|NULL|NULL|NULL|NULL|NULL|NULL|NULL|NULL|NULL]" Type="Siemens.BASys.BAModel.Logic.ArrayValue" />
        <Property Name="Ds1_Present_Priority" Value="17" Type="Siemens.BASys.BAModel.Logic.EnumValue`1[Siemens.BASys.BAModel.Logic.EBA_Present_Priority_Array_Index]" />
        <Property Name="Relinquish_Default" Value="1" Type="Siemens.BASys.BAModel.Logic.EnumValue" />
        <Property Name="Status_Flags" Value="{False|False|False|False}" Type="Siemens.BASys.BAModel.Logic.BitStringValue" />
        <Property Name="Reliability" Value="0" Type="Siemens.BASys.BAModel.Logic.EnumValue`1[Siemens.BASys.SDUDefinitions.BADefs.EBACnetReliability]" />
        <Property Name="Out_Of_Service" Value="False" Type="Siemens.BASys.BAModel.Logic.BoolValue" />
        <Property Name="Ds1_Ioaddress" Value="PL-1:PR=TUCUHD.ContrModeAct;GEO=3.8.1;" Type="Siemens.BASys.BAModel.Logic.StringValue" />
        <Property Name="Ds1_Update_Count" Value="0" Type="Siemens.BASys.BAModel.Logic.Value`1[System.UInt32]" />
        <Property Name="Number_Of_States" Value="3" Type="Siemens.BASys.BAModel.Logic.Value`1[System.Int32]" />
        <Property Name="State_Text" Value="213385217|213385218|213385219|213450751" Type="System.UInt32" />
        <Property Name="Event_State" Value="0" Type="Siemens.BASys.BAModel.Logic.EnumValue`1[Siemens.BASys.SDUDefinitions.BADefs.EBACnetEventState]" />
        <Property Name="Ds1_Ba_Object_Access" Value="3" Type="Siemens.BASys.BAModel.Logic.EnumValue`1[Siemens.BASys.SDUDefinitions.BADefs.EReadWriteAccessSensitivity]" />
        <Property Name="Ds1_Ba_Object_Usage" Value="0" Type="Siemens.BASys.BAModel.Logic.EnumValue`1[Siemens.BASys.SDUDefinitions.BADefs.EBA_Object_Usage]" />
        <Property Name="Description" Value="Heating/cooling state for room op.unit" Type="Siemens.BASys.BAModel.Logic.StringValue" />
        <Property Name="Object_Name" Value="Segment_208_1'ROpUnDev'HCStaRu" Type="Siemens.BASys.BAModel.Logic.StringValue" />
        <Property Name="Object_Identifier" Value="79691963" Type="Siemens.BASys.BAModel.Logic.ObjectIdentifierValue" />
        <Property Name="Object_Type" Value="19" Type="Siemens.BASys.BAModel.Logic.EnumValue`1[Siemens.BASys.SDUDefinitions.BADefs.EBACnetObjectType]" />
        <Property Name="Ds1_Ba_Prototype" Value="8" Type="Siemens.BASys.BAModel.Logic.EnumValue`1[Siemens.BASys.SDUDefinitions.BADefs.EBA_ObjPrototypeName]" />
        <Property Name="Profile_Name" Value="7-BA-RDS1-008-SBCv13.20" Type="Siemens.BASys.BAModel.Logic.StringValue" />
        <Property Name="StateTextReference" Value="213450751" Type="System.UInt32" />
        <Property Name="InterfaceName" Value="HCStaRu" Type="String" />
        <Property Name="IsOwned" Value="True" Type="System.Boolean" />
        <Property Name="AutoConnect" Value="True" />
        <Property Name="PartName" Value="HCStaRu" Type="TxG_BA_27718.21" />
        <Property Name="BaseName" Value="HCStaRu" Type="TxG_BA_27718.21" />
        <Property Name="TagAttribute" Value="None" Type="TagEnum" />
        <Property Name="DescriptionTextRef" Value="TxG_BA_27719.21" />
      </BAObject>
      <BAObject Name="Segment_208_1'ROpUnDev'RClmOpModRu" Type="BAMultistateProcessValue" Id="79691965">
        <Property Name="Present_Value" Value="0" Type="Siemens.BASys.BAModel.Logic.EnumValue" />
        <Property Name="Priority_Array" Value="[NULL|NULL|NULL|NULL|NULL|NULL|NULL|NULL|NULL|NULL|NULL|NULL|NULL|NULL|NULL|NULL]" Type="Siemens.BASys.BAModel.Logic.ArrayValue" />
        <Property Name="Ds1_Present_Priority" Value="17" Type="Siemens.BASys.BAModel.Logic.EnumValue`1[Siemens.BASys.BAModel.Logic.EBA_Present_Priority_Array_Index]" />
        <Property Name="Relinquish_Default" Value="4" Type="Siemens.BASys.BAModel.Logic.EnumValue" />
        <Property Name="Status_Flags" Value="{False|False|False|False}" Type="Siemens.BASys.BAModel.Logic.BitStringValue" />
        <Property Name="Reliability" Value="0" Type="Siemens.BASys.BAModel.Logic.EnumValue`1[Siemens.BASys.SDUDefinitions.BADefs.EBACnetReliability]" />
        <Property Name="Out_Of_Service" Value="False" Type="Siemens.BASys.BAModel.Logic.BoolValue" />
        <Property Name="Ds1_Ioaddress" Value="PL-1:PR=RSMHD.HVACModeEff;GEO=3.8.1;" Type="Siemens.BASys.BAModel.Logic.StringValue" />
        <Property Name="Ds1_Update_Count" Value="0" Type="Siemens.BASys.BAModel.Logic.Value`1[System.UInt32]" />
        <Property Name="Number_Of_States" Value="4" Type="Siemens.BASys.BAModel.Logic.Value`1[System.Int32]" />
        <Property Name="State_Text" Value="1706950657|1706950658|1706950659|1706950660|1707016191" Type="System.UInt32" />
        <Property Name="Event_State" Value="0" Type="Siemens.BASys.BAModel.Logic.EnumValue`1[Siemens.BASys.SDUDefinitions.BADefs.EBACnetEventState]" />
        <Property Name="Ds1_Ba_Object_Access" Value="3" Type="Siemens.BASys.BAModel.Logic.EnumValue`1[Siemens.BASys.SDUDefinitions.BADefs.EReadWriteAccessSensitivity]" />
        <Property Name="Ds1_Ba_Object_Usage" Value="0" Type="Siemens.BASys.BAModel.Logic.EnumValue`1[Siemens.BASys.SDUDefinitions.BADefs.EBA_Object_Usage]" />
        <Property Name="Description" Value="Room climate op.mode for room op.unit" Type="Siemens.BASys.BAModel.Logic.StringValue" />
        <Property Name="Object_Name" Value="Segment_208_1'ROpUnDev'RClmOpModRu" Type="Siemens.BASys.BAModel.Logic.StringValue" />
        <Property Name="Object_Identifier" Value="79691965" Type="Siemens.BASys.BAModel.Logic.ObjectIdentifierValue" />
        <Property Name="Object_Type" Value="19" Type="Siemens.BASys.BAModel.Logic.EnumValue`1[Siemens.BASys.SDUDefinitions.BADefs.EBACnetObjectType]" />
        <Property Name="Ds1_Ba_Prototype" Value="8" Type="Siemens.BASys.BAModel.Logic.EnumValue`1[Siemens.BASys.SDUDefinitions.BADefs.EBA_ObjPrototypeName]" />
        <Property Name="Profile_Name" Value="7-BA-RDS1-008-SBCv13.20" Type="Siemens.BASys.BAModel.Logic.StringValue" />
        <Property Name="StateTextReference" Value="1707016191" Type="System.UInt32" />
        <Property Name="InterfaceName" Value="RClmOpModRu" Type="String" />
        <Property Name="IsOwned" Value="True" Type="System.Boolean" />
        <Property Name="AutoConnect" Value="True" />
        <Property Name="PartName" Value="RClmOpModRu" Type="TxG_BA_27690.15" />
        <Property Name="BaseName" Value="RClmOpModRu" Type="TxG_BA_27690.15" />
        <Property Name="TagAttribute" Value="None" Type="TagEnum" />
        <Property Name="DescriptionTextRef" Value="TxG_BA_27691.15" />
      </BAObject>
      <BAObject Name="Segment_208_1'ROpUnDev'PrSpRu" Type="BAAnalogProcessValue" Id="8388724">
        <Property Name="Present_Value" Value="NULL" Type="Siemens.BASys.BAModel.Logic.Value`1[System.Single]" />
        <Property Name="Priority_Array" Value="[NULL|NULL|NULL|NULL|NULL|NULL|NULL|NULL|NULL|NULL|NULL|NULL|NULL|NULL|NULL|NULL]" Type="Siemens.BASys.BAModel.Logic.ArrayValue" />
        <Property Name="Ds1_Present_Priority" Value="17" Type="Siemens.BASys.BAModel.Logic.EnumValue`1[Siemens.BASys.BAModel.Logic.EBA_Present_Priority_Array_Index]" />
        <Property Name="Relinquish_Default" Value="0" Type="Siemens.BASys.BAModel.Logic.Value`1[System.Single]" />
        <Property Name="Status_Flags" Value="{False|False|False|False}" Type="Siemens.BASys.BAModel.Logic.BitStringValue" />
        <Property Name="Reliability" Value="0" Type="Siemens.BASys.BAModel.Logic.EnumValue`1[Siemens.BASys.SDUDefinitions.BADefs.EBACnetReliability]" />
        <Property Name="Out_Of_Service" Value="False" Type="Siemens.BASys.BAModel.Logic.BoolValue" />
        <Property Name="Ds1_Ioaddress" Value="PL-1:PR=RSMHD.TempRoomSetpAbsEff;GEO=3.8.1;" Type="Siemens.BASys.BAModel.Logic.StringValue" />
        <Property Name="Ds1_Update_Count" Value="0" Type="Siemens.BASys.BAModel.Logic.Value`1[System.UInt32]" />
        <Property Name="Units" Value="62" Type="Siemens.BASys.BAModel.Logic.EnumValue`1[Siemens.BASys.BAModel.Logic.EBACnetEngineeringUnits]" />
        <Property Name="Resolution" Value="0.1" Type="Siemens.BASys.BAModel.Logic.Value`1[System.Single]" />
        <Property Name="Max_Pres_Value" Value="50" Type="Siemens.BASys.BAModel.Logic.Value`1[System.Single]" />
        <Property Name="Min_Pres_Value" Value="0" Type="Siemens.BASys.BAModel.Logic.Value`1[System.Single]" />
        <Property Name="Cov_Increment" Value="0.1" Type="Siemens.BASys.BAModel.Logic.Value`1[System.Single]" />
        <Property Name="Ds1_Io_Extension" Value="0" Type="Siemens.BASys.BAModel.Logic.EnumValue" />
        <Property Name="Event_State" Value="0" Type="Siemens.BASys.BAModel.Logic.EnumValue`1[Siemens.BASys.SDUDefinitions.BADefs.EBACnetEventState]" />
        <Property Name="Ds1_Ba_Object_Access" Value="3" Type="Siemens.BASys.BAModel.Logic.EnumValue`1[Siemens.BASys.SDUDefinitions.BADefs.EReadWriteAccessSensitivity]" />
        <Property Name="Ds1_Ba_Object_Usage" Value="0" Type="Siemens.BASys.BAModel.Logic.EnumValue`1[Siemens.BASys.SDUDefinitions.BADefs.EBA_Object_Usage]" />
        <Property Name="Description" Value="Present setpoint for room operator unit" Type="Siemens.BASys.BAModel.Logic.StringValue" />
        <Property Name="Object_Name" Value="Segment_208_1'ROpUnDev'PrSpRu" Type="Siemens.BASys.BAModel.Logic.StringValue" />
        <Property Name="Object_Identifier" Value="8388724" Type="Siemens.BASys.BAModel.Logic.ObjectIdentifierValue" />
        <Property Name="Object_Type" Value="2" Type="Siemens.BASys.BAModel.Logic.EnumValue`1[Siemens.BASys.SDUDefinitions.BADefs.EBACnetObjectType]" />
        <Property Name="Ds1_Ba_Prototype" Value="2" Type="Siemens.BASys.BAModel.Logic.EnumValue`1[Siemens.BASys.SDUDefinitions.BADefs.EBA_ObjPrototypeName]" />
        <Property Name="Profile_Name" Value="7-BA-RDS1-002-SBCv13.20" Type="Siemens.BASys.BAModel.Logic.StringValue" />
        <Property Name="StateTextReference" Value="91029505" Type="System.UInt32" />
        <Property Name="InterfaceName" Value="PrSpRu" Type="String" />
        <Property Name="IsOwned" Value="True" Type="System.Boolean" />
        <Property Name="AutoConnect" Value="True" />
        <Property Name="PartName" Value="PrSpRu" Type="TxG_BA_27694.42" />
        <Property Name="BaseName" Value="PrSpRu" Type="TxG_BA_27694.42" />
        <Property Name="TagAttribute" Value="None" Type="TagEnum" />
        <Property Name="DescriptionTextRef" Value="TxG_BA_27695.42" />
      </BAObject>
      <BAObject Name="Segment_208_1'ROpUnDev'TRRu" Type="BAAnalogProcessValue" Id="8388723">
        <Property Name="Present_Value" Value="NULL" Type="Siemens.BASys.BAModel.Logic.Value`1[System.Single]" />
        <Property Name="Priority_Array" Value="[NULL|NULL|NULL|NULL|NULL|NULL|NULL|NULL|NULL|NULL|NULL|NULL|NULL|NULL|NULL|NULL]" Type="Siemens.BASys.BAModel.Logic.ArrayValue" />
        <Property Name="Ds1_Present_Priority" Value="17" Type="Siemens.BASys.BAModel.Logic.EnumValue`1[Siemens.BASys.BAModel.Logic.EBA_Present_Priority_Array_Index]" />
        <Property Name="Relinquish_Default" Value="0" Type="Siemens.BASys.BAModel.Logic.Value`1[System.Single]" />
        <Property Name="Status_Flags" Value="{False|False|False|False}" Type="Siemens.BASys.BAModel.Logic.BitStringValue" />
        <Property Name="Reliability" Value="0" Type="Siemens.BASys.BAModel.Logic.EnumValue`1[Siemens.BASys.SDUDefinitions.BADefs.EBACnetReliability]" />
        <Property Name="Out_Of_Service" Value="False" Type="Siemens.BASys.BAModel.Logic.BoolValue" />
        <Property Name="Ds1_Ioaddress" Value="PL-1:PR=RTS.TempRoomEff;GEO=3.8.1;" Type="Siemens.BASys.BAModel.Logic.StringValue" />
        <Property Name="Ds1_Update_Count" Value="0" Type="Siemens.BASys.BAModel.Logic.Value`1[System.UInt32]" />
        <Property Name="Units" Value="62" Type="Siemens.BASys.BAModel.Logic.EnumValue`1[Siemens.BASys.BAModel.Logic.EBACnetEngineeringUnits]" />
        <Property Name="Resolution" Value="0.1" Type="Siemens.BASys.BAModel.Logic.Value`1[System.Single]" />
        <Property Name="Max_Pres_Value" Value="50" Type="Siemens.BASys.BAModel.Logic.Value`1[System.Single]" />
        <Property Name="Min_Pres_Value" Value="0" Type="Siemens.BASys.BAModel.Logic.Value`1[System.Single]" />
        <Property Name="Cov_Increment" Value="0.1" Type="Siemens.BASys.BAModel.Logic.Value`1[System.Single]" />
        <Property Name="Ds1_Io_Extension" Value="0" Type="Siemens.BASys.BAModel.Logic.EnumValue" />
        <Property Name="Event_State" Value="0" Type="Siemens.BASys.BAModel.Logic.EnumValue`1[Siemens.BASys.SDUDefinitions.BADefs.EBACnetEventState]" />
        <Property Name="Ds1_Ba_Object_Access" Value="3" Type="Siemens.BASys.BAModel.Logic.EnumValue`1[Siemens.BASys.SDUDefinitions.BADefs.EReadWriteAccessSensitivity]" />
        <Property Name="Ds1_Ba_Object_Usage" Value="0" Type="Siemens.BASys.BAModel.Logic.EnumValue`1[Siemens.BASys.SDUDefinitions.BADefs.EBA_Object_Usage]" />
        <Property Name="Description" Value="Room temperature for room operator unit" Type="Siemens.BASys.BAModel.Logic.StringValue" />
        <Property Name="Object_Name" Value="Segment_208_1'ROpUnDev'TRRu" Type="Siemens.BASys.BAModel.Logic.StringValue" />
        <Property Name="Object_Identifier" Value="8388723" Type="Siemens.BASys.BAModel.Logic.ObjectIdentifierValue" />
        <Property Name="Object_Type" Value="2" Type="Siemens.BASys.BAModel.Logic.EnumValue`1[Siemens.BASys.SDUDefinitions.BADefs.EBACnetObjectType]" />
        <Property Name="Ds1_Ba_Prototype" Value="2" Type="Siemens.BASys.BAModel.Logic.EnumValue`1[Siemens.BASys.SDUDefinitions.BADefs.EBA_ObjPrototypeName]" />
        <Property Name="Profile_Name" Value="7-BA-RDS1-002-SBCv13.20" Type="Siemens.BASys.BAModel.Logic.StringValue" />
        <Property Name="StateTextReference" Value="91029505" Type="System.UInt32" />
        <Property Name="InterfaceName" Value="TRRu" Type="String" />
        <Property Name="IsOwned" Value="True" Type="System.Boolean" />
        <Property Name="AutoConnect" Value="True" />
        <Property Name="PartName" Value="TRRu" Type="TxG_BA_27684.1" />
        <Property Name="BaseName" Value="TRRu" Type="TxG_BA_27684.1" />
        <Property Name="TagAttribute" Value="None" Type="TagEnum" />
        <Property Name="DescriptionTextRef" Value="TxG_BA_27685.1" />
      </BAObject>
      <BAObject Name="Segment_208_1'ROpUnDev'AQualRIndRu" Type="BAMultistateProcessValue" Id="79691964">
        <Property Name="Present_Value" Value="0" Type="Siemens.BASys.BAModel.Logic.EnumValue" />
        <Property Name="Priority_Array" Value="[NULL|NULL|NULL|NULL|NULL|NULL|NULL|NULL|NULL|NULL|NULL|NULL|NULL|NULL|NULL|NULL]" Type="Siemens.BASys.BAModel.Logic.ArrayValue" />
        <Property Name="Ds1_Present_Priority" Value="17" Type="Siemens.BASys.BAModel.Logic.EnumValue`1[Siemens.BASys.BAModel.Logic.EBA_Present_Priority_Array_Index]" />
        <Property Name="Relinquish_Default" Value="1" Type="Siemens.BASys.BAModel.Logic.EnumValue" />
        <Property Name="Status_Flags" Value="{False|False|False|False}" Type="Siemens.BASys.BAModel.Logic.BitStringValue" />
        <Property Name="Reliability" Value="0" Type="Siemens.BASys.BAModel.Logic.EnumValue`1[Siemens.BASys.SDUDefinitions.BADefs.EBACnetReliability]" />
        <Property Name="Out_Of_Service" Value="False" Type="Siemens.BASys.BAModel.Logic.BoolValue" />
        <Property Name="Ds1_Ioaddress" Value="PL-1:PR=RAQS.AQRoomInd;GEO=3.8.1;" Type="Siemens.BASys.BAModel.Logic.StringValue" />
        <Property Name="Ds1_Update_Count" Value="0" Type="Siemens.BASys.BAModel.Logic.Value`1[System.UInt32]" />
        <Property Name="Number_Of_States" Value="4" Type="Siemens.BASys.BAModel.Logic.Value`1[System.Int32]" />
        <Property Name="State_Text" Value="1828716545|1828716546|1828716547|1828716548|1828782079" Type="System.UInt32" />
        <Property Name="Event_State" Value="0" Type="Siemens.BASys.BAModel.Logic.EnumValue`1[Siemens.BASys.SDUDefinitions.BADefs.EBACnetEventState]" />
        <Property Name="Ds1_Ba_Object_Access" Value="3" Type="Siemens.BASys.BAModel.Logic.EnumValue`1[Siemens.BASys.SDUDefinitions.BADefs.EReadWriteAccessSensitivity]" />
        <Property Name="Ds1_Ba_Object_Usage" Value="0" Type="Siemens.BASys.BAModel.Logic.EnumValue`1[Siemens.BASys.SDUDefinitions.BADefs.EBA_Object_Usage]" />
        <Property Name="Description" Value="Room air quality ind.for room op.unit" Type="Siemens.BASys.BAModel.Logic.StringValue" />
        <Property Name="Object_Name" Value="Segment_208_1'ROpUnDev'AQualRIndRu" Type="Siemens.BASys.BAModel.Logic.StringValue" />
        <Property Name="Object_Identifier" Value="79691964" Type="Siemens.BASys.BAModel.Logic.ObjectIdentifierValue" />
        <Property Name="Object_Type" Value="19" Type="Siemens.BASys.BAModel.Logic.EnumValue`1[Siemens.BASys.SDUDefinitions.BADefs.EBACnetObjectType]" />
        <Property Name="Ds1_Ba_Prototype" Value="8" Type="Siemens.BASys.BAModel.Logic.EnumValue`1[Siemens.BASys.SDUDefinitions.BADefs.EBA_ObjPrototypeName]" />
        <Property Name="Profile_Name" Value="7-BA-RDS1-008-SBCv13.20" Type="Siemens.BASys.BAModel.Logic.StringValue" />
        <Property Name="StateTextReference" Value="1828782079" Type="System.UInt32" />
        <Property Name="InterfaceName" Value="AQualRIndRu" Type="String" />
        <Property Name="IsOwned" Value="True" Type="System.Boolean" />
        <Property Name="AutoConnect" Value="True" />
        <Property Name="PartName" Value="AQualRIndRu" Type="TxG_BA_27714.33" />
        <Property Name="BaseName" Value="AQualRIndRu" Type="TxG_BA_27714.33" />
        <Property Name="TagAttribute" Value="None" Type="TagEnum" />
        <Property Name="DescriptionTextRef" Value="TxG_BA_27715.33" />
      </BAObject>
      <BAObject Name="Segment_208_1'ROpUnDev'HuRelRRu" Type="BAAnalogProcessValue" Id="8388722">
        <Property Name="Present_Value" Value="NULL" Type="Siemens.BASys.BAModel.Logic.Value`1[System.Single]" />
        <Property Name="Priority_Array" Value="[NULL|NULL|NULL|NULL|NULL|NULL|NULL|NULL|NULL|NULL|NULL|NULL|NULL|NULL|NULL|NULL]" Type="Siemens.BASys.BAModel.Logic.ArrayValue" />
        <Property Name="Ds1_Present_Priority" Value="17" Type="Siemens.BASys.BAModel.Logic.EnumValue`1[Siemens.BASys.BAModel.Logic.EBA_Present_Priority_Array_Index]" />
        <Property Name="Relinquish_Default" Value="0" Type="Siemens.BASys.BAModel.Logic.Value`1[System.Single]" />
        <Property Name="Status_Flags" Value="{False|False|False|False}" Type="Siemens.BASys.BAModel.Logic.BitStringValue" />
        <Property Name="Reliability" Value="0" Type="Siemens.BASys.BAModel.Logic.EnumValue`1[Siemens.BASys.SDUDefinitions.BADefs.EBACnetReliability]" />
        <Property Name="Out_Of_Service" Value="False" Type="Siemens.BASys.BAModel.Logic.BoolValue" />
        <Property Name="Ds1_Ioaddress" Value="PL-1:PR=RRHS.HumRelRoomEff;GEO=3.8.1;" Type="Siemens.BASys.BAModel.Logic.StringValue" />
        <Property Name="Ds1_Update_Count" Value="0" Type="Siemens.BASys.BAModel.Logic.Value`1[System.UInt32]" />
        <Property Name="Units" Value="98" Type="Siemens.BASys.BAModel.Logic.EnumValue`1[Siemens.BASys.BAModel.Logic.EBACnetEngineeringUnits]" />
        <Property Name="Resolution" Value="1" Type="Siemens.BASys.BAModel.Logic.Value`1[System.Single]" />
        <Property Name="Max_Pres_Value" Value="100" Type="Siemens.BASys.BAModel.Logic.Value`1[System.Single]" />
        <Property Name="Min_Pres_Value" Value="0" Type="Siemens.BASys.BAModel.Logic.Value`1[System.Single]" />
        <Property Name="Cov_Increment" Value="1" Type="Siemens.BASys.BAModel.Logic.Value`1[System.Single]" />
        <Property Name="Ds1_Io_Extension" Value="0" Type="Siemens.BASys.BAModel.Logic.EnumValue" />
        <Property Name="Event_State" Value="0" Type="Siemens.BASys.BAModel.Logic.EnumValue`1[Siemens.BASys.SDUDefinitions.BADefs.EBACnetEventState]" />
        <Property Name="Ds1_Ba_Object_Access" Value="3" Type="Siemens.BASys.BAModel.Logic.EnumValue`1[Siemens.BASys.SDUDefinitions.BADefs.EReadWriteAccessSensitivity]" />
        <Property Name="Ds1_Ba_Object_Usage" Value="0" Type="Siemens.BASys.BAModel.Logic.EnumValue`1[Siemens.BASys.SDUDefinitions.BADefs.EBA_Object_Usage]" />
        <Property Name="Description" Value="Relaltive humidity for room op.unit" Type="Siemens.BASys.BAModel.Logic.StringValue" />
        <Property Name="Object_Name" Value="Segment_208_1'ROpUnDev'HuRelRRu" Type="Siemens.BASys.BAModel.Logic.StringValue" />
        <Property Name="Object_Identifier" Value="8388722" Type="Siemens.BASys.BAModel.Logic.ObjectIdentifierValue" />
        <Property Name="Object_Type" Value="2" Type="Siemens.BASys.BAModel.Logic.EnumValue`1[Siemens.BASys.SDUDefinitions.BADefs.EBACnetObjectType]" />
        <Property Name="Ds1_Ba_Prototype" Value="2" Type="Siemens.BASys.BAModel.Logic.EnumValue`1[Siemens.BASys.SDUDefinitions.BADefs.EBA_ObjPrototypeName]" />
        <Property Name="Profile_Name" Value="7-BA-RDS1-002-SBCv13.20" Type="Siemens.BASys.BAModel.Logic.StringValue" />
        <Property Name="StateTextReference" Value="91029505" Type="System.UInt32" />
        <Property Name="InterfaceName" Value="HuRelRRu" Type="String" />
        <Property Name="IsOwned" Value="True" Type="System.Boolean" />
        <Property Name="AutoConnect" Value="True" />
        <Property Name="PartName" Value="HuRelRRu" Type="TxG_BA_27897.2" />
        <Property Name="BaseName" Value="HuRelRRu" Type="TxG_BA_27897.2" />
        <Property Name="TagAttribute" Value="None" Type="TagEnum" />
        <Property Name="DescriptionTextRef" Value="TxG_BA_27898.2" />
      </BAObject>
      <BAObject Name="Segment_208_1'ROpUnDev'WndContRu" Type="BABinaryProcessValue" Id="20971606">
        <Property Name="Present_Value" Value="False" Type="Siemens.BASys.BAModel.Logic.BoolValue" />
        <Property Name="Priority_Array" Value="[NULL|NULL|NULL|NULL|NULL|NULL|NULL|NULL|NULL|NULL|NULL|NULL|NULL|NULL|NULL|NULL]" Type="Siemens.BASys.BAModel.Logic.ArrayValue" />
        <Property Name="Ds1_Present_Priority" Value="17" Type="Siemens.BASys.BAModel.Logic.EnumValue`1[Siemens.BASys.BAModel.Logic.EBA_Present_Priority_Array_Index]" />
        <Property Name="Relinquish_Default" Value="False" Type="Siemens.BASys.BAModel.Logic.BoolValue" />
        <Property Name="Status_Flags" Value="{False|False|False|False}" Type="Siemens.BASys.BAModel.Logic.BitStringValue" />
        <Property Name="Reliability" Value="0" Type="Siemens.BASys.BAModel.Logic.EnumValue`1[Siemens.BASys.SDUDefinitions.BADefs.EBACnetReliability]" />
        <Property Name="Out_Of_Service" Value="False" Type="Siemens.BASys.BAModel.Logic.BoolValue" />
        <Property Name="Ds1_Ioaddress" Value="PL-1:PR=WOS.WindowStatusEff;GEO=3.8.1;" Type="Siemens.BASys.BAModel.Logic.StringValue" />
        <Property Name="Ds1_Update_Count" Value="0" Type="Siemens.BASys.BAModel.Logic.Value`1[System.UInt32]" />
        <Property Name="Inactive_Text" Value="209059840" Type="System.UInt32" />
        <Property Name="Active_Text" Value="209059841" Type="System.UInt32" />
        <Property Name="Event_State" Value="0" Type="Siemens.BASys.BAModel.Logic.EnumValue`1[Siemens.BASys.SDUDefinitions.BADefs.EBACnetEventState]" />
        <Property Name="Ds1_Ba_Object_Access" Value="3" Type="Siemens.BASys.BAModel.Logic.EnumValue`1[Siemens.BASys.SDUDefinitions.BADefs.EReadWriteAccessSensitivity]" />
        <Property Name="Ds1_Ba_Object_Usage" Value="0" Type="Siemens.BASys.BAModel.Logic.EnumValue`1[Siemens.BASys.SDUDefinitions.BADefs.EBA_Object_Usage]" />
        <Property Name="Description" Value="Window contact for room operator unit" Type="Siemens.BASys.BAModel.Logic.StringValue" />
        <Property Name="Object_Name" Value="Segment_208_1'ROpUnDev'WndContRu" Type="Siemens.BASys.BAModel.Logic.StringValue" />
        <Property Name="Object_Identifier" Value="20971606" Type="Siemens.BASys.BAModel.Logic.ObjectIdentifierValue" />
        <Property Name="Object_Type" Value="5" Type="Siemens.BASys.BAModel.Logic.EnumValue`1[Siemens.BASys.SDUDefinitions.BADefs.EBACnetObjectType]" />
        <Property Name="Ds1_Ba_Prototype" Value="5" Type="Siemens.BASys.BAModel.Logic.EnumValue`1[Siemens.BASys.SDUDefinitions.BADefs.EBA_ObjPrototypeName]" />
        <Property Name="Profile_Name" Value="7-BA-RDS1-005-SBCv13.20" Type="Siemens.BASys.BAModel.Logic.StringValue" />
        <Property Name="StateTextReference" Value="209125375" Type="System.UInt32" />
        <Property Name="InterfaceName" Value="WndContRu" Type="String" />
        <Property Name="IsOwned" Value="True" Type="System.Boolean" />
        <Property Name="AutoConnect" Value="True" />
        <Property Name="PartName" Value="WndContRu" Type="TxG_BA_27710.25" />
        <Property Name="BaseName" Value="WndContRu" Type="TxG_BA_27710.25" />
        <Property Name="TagAttribute" Value="None" Type="TagEnum" />
        <Property Name="DescriptionTextRef" Value="TxG_BA_27711.25" />
      </BAObject>
      <BAObject Name="Segment_208_1'ROpUnDev'TOaRu" Type="BAAnalogProcessValue" Id="8388719">
        <Property Name="Present_Value" Value="NULL" Type="Siemens.BASys.BAModel.Logic.Value`1[System.Single]" />
        <Property Name="Priority_Array" Value="[NULL|NULL|NULL|NULL|NULL|NULL|NULL|NULL|NULL|NULL|NULL|NULL|NULL|NULL|NULL|NULL]" Type="Siemens.BASys.BAModel.Logic.ArrayValue" />
        <Property Name="Ds1_Present_Priority" Value="17" Type="Siemens.BASys.BAModel.Logic.EnumValue`1[Siemens.BASys.BAModel.Logic.EBA_Present_Priority_Array_Index]" />
        <Property Name="Relinquish_Default" Value="0" Type="Siemens.BASys.BAModel.Logic.Value`1[System.Single]" />
        <Property Name="Status_Flags" Value="{False|False|False|False}" Type="Siemens.BASys.BAModel.Logic.BitStringValue" />
        <Property Name="Reliability" Value="0" Type="Siemens.BASys.BAModel.Logic.EnumValue`1[Siemens.BASys.SDUDefinitions.BADefs.EBACnetReliability]" />
        <Property Name="Out_Of_Service" Value="False" Type="Siemens.BASys.BAModel.Logic.BoolValue" />
        <Property Name="Ds1_Ioaddress" Value="PL-1:PR=OTS.TempOutsideEff;APP=OS.23;" Type="Siemens.BASys.BAModel.Logic.StringValue" />
        <Property Name="Ds1_Update_Count" Value="0" Type="Siemens.BASys.BAModel.Logic.Value`1[System.UInt32]" />
        <Property Name="Units" Value="62" Type="Siemens.BASys.BAModel.Logic.EnumValue`1[Siemens.BASys.BAModel.Logic.EBACnetEngineeringUnits]" />
        <Property Name="Resolution" Value="0.1" Type="Siemens.BASys.BAModel.Logic.Value`1[System.Single]" />
        <Property Name="Max_Pres_Value" Value="70" Type="Siemens.BASys.BAModel.Logic.Value`1[System.Single]" />
        <Property Name="Min_Pres_Value" Value="-70" Type="Siemens.BASys.BAModel.Logic.Value`1[System.Single]" />
        <Property Name="Cov_Increment" Value="0.1" Type="Siemens.BASys.BAModel.Logic.Value`1[System.Single]" />
        <Property Name="Ds1_Io_Extension" Value="0" Type="Siemens.BASys.BAModel.Logic.EnumValue" />
        <Property Name="Event_State" Value="0" Type="Siemens.BASys.BAModel.Logic.EnumValue`1[Siemens.BASys.SDUDefinitions.BADefs.EBACnetEventState]" />
        <Property Name="Ds1_Ba_Object_Access" Value="3" Type="Siemens.BASys.BAModel.Logic.EnumValue`1[Siemens.BASys.SDUDefinitions.BADefs.EReadWriteAccessSensitivity]" />
        <Property Name="Ds1_Ba_Object_Usage" Value="0" Type="Siemens.BASys.BAModel.Logic.EnumValue`1[Siemens.BASys.SDUDefinitions.BADefs.EBA_Object_Usage]" />
        <Property Name="Description" Value="Outside air temperature for room op.unit" Type="Siemens.BASys.BAModel.Logic.StringValue" />
        <Property Name="Object_Name" Value="Segment_208_1'ROpUnDev'TOaRu" Type="Siemens.BASys.BAModel.Logic.StringValue" />
        <Property Name="Object_Identifier" Value="8388719" Type="Siemens.BASys.BAModel.Logic.ObjectIdentifierValue" />
        <Property Name="Object_Type" Value="2" Type="Siemens.BASys.BAModel.Logic.EnumValue`1[Siemens.BASys.SDUDefinitions.BADefs.EBACnetObjectType]" />
        <Property Name="Ds1_Ba_Prototype" Value="2" Type="Siemens.BASys.BAModel.Logic.EnumValue`1[Siemens.BASys.SDUDefinitions.BADefs.EBA_ObjPrototypeName]" />
        <Property Name="Profile_Name" Value="7-BA-RDS1-002-SBCv13.20" Type="Siemens.BASys.BAModel.Logic.StringValue" />
        <Property Name="StateTextReference" Value="91029505" Type="System.UInt32" />
        <Property Name="InterfaceName" Value="TOaRu" Type="String" />
        <Property Name="IsOwned" Value="True" Type="System.Boolean" />
        <Property Name="AutoConnect" Value="True" />
        <Property Name="PartName" Value="TOaRu" Type="TxG_BA_27684.10" />
        <Property Name="BaseName" Value="TOaRu" Type="TxG_BA_27684.10" />
        <Property Name="TagAttribute" Value="None" Type="TagEnum" />
        <Property Name="DescriptionTextRef" Value="TxG_BA_27685.10" />
      </BAObject>
      <BAObject Name="Segment_208_1'ROpUnDev'SpShftIn" Type="BAAnalogCalculatedValue" Id="8388720">
        <Property Name="Present_Value" Value="0" Type="Siemens.BASys.BAModel.Logic.Value`1[System.Single]" />
        <Property Name="Ds1_Tracking_Value" Value="0" Type="Siemens.BASys.BAModel.Logic.Value`1[System.Single]" />
        <Property Name="Status_Flags" Value="{False|False|False|False}" Type="Siemens.BASys.BAModel.Logic.BitStringValue" />
        <Property Name="Reliability" Value="0" Type="Siemens.BASys.BAModel.Logic.EnumValue`1[Siemens.BASys.SDUDefinitions.BADefs.EBACnetReliability]" />
        <Property Name="Out_Of_Service" Value="False" Type="Siemens.BASys.BAModel.Logic.BoolValue" />
        <Property Name="Ds1_Ioaddress" Value="PL-1:PR=RSMHD.TempRoomSetpUserOffset;GEO=3.8.1;" Type="Siemens.BASys.BAModel.Logic.StringValue" />
        <Property Name="Ds1_Update_Count" Value="0" Type="Siemens.BASys.BAModel.Logic.Value`1[System.UInt32]" />
        <Property Name="Units" Value="63" Type="Siemens.BASys.BAModel.Logic.EnumValue`1[Siemens.BASys.BAModel.Logic.EBACnetEngineeringUnits]" />
        <Property Name="Resolution" Value="0.1" Type="Siemens.BASys.BAModel.Logic.Value`1[System.Single]" />
        <Property Name="Max_Pres_Value" Value="3" Type="Siemens.BASys.BAModel.Logic.Value`1[System.Single]" />
        <Property Name="Min_Pres_Value" Value="-3" Type="Siemens.BASys.BAModel.Logic.Value`1[System.Single]" />
        <Property Name="Cov_Increment" Value="0.1" Type="Siemens.BASys.BAModel.Logic.Value`1[System.Single]" />
        <Property Name="Event_State" Value="0" Type="Siemens.BASys.BAModel.Logic.EnumValue`1[Siemens.BASys.SDUDefinitions.BADefs.EBACnetEventState]" />
        <Property Name="Ds1_Ba_Object_Access" Value="3" Type="Siemens.BASys.BAModel.Logic.EnumValue`1[Siemens.BASys.SDUDefinitions.BADefs.EReadWriteAccessSensitivity]" />
        <Property Name="Ds1_Ba_Object_Usage" Value="0" Type="Siemens.BASys.BAModel.Logic.EnumValue`1[Siemens.BASys.SDUDefinitions.BADefs.EBA_Object_Usage]" />
        <Property Name="Description" Value="Setpoint shift input value" Type="Siemens.BASys.BAModel.Logic.StringValue" />
        <Property Name="Object_Name" Value="Segment_208_1'ROpUnDev'SpShftIn" Type="Siemens.BASys.BAModel.Logic.StringValue" />
        <Property Name="Object_Identifier" Value="8388720" Type="Siemens.BASys.BAModel.Logic.ObjectIdentifierValue" />
        <Property Name="Object_Type" Value="2" Type="Siemens.BASys.BAModel.Logic.EnumValue`1[Siemens.BASys.SDUDefinitions.BADefs.EBACnetObjectType]" />
        <Property Name="Ds1_Ba_Prototype" Value="12" Type="Siemens.BASys.BAModel.Logic.EnumValue`1[Siemens.BASys.SDUDefinitions.BADefs.EBA_ObjPrototypeName]" />
        <Property Name="Profile_Name" Value="7-BA-RDS1-012-SBCv13.20" Type="Siemens.BASys.BAModel.Logic.StringValue" />
        <Property Name="StateTextReference" Value="91029505" Type="System.UInt32" />
        <Property Name="InterfaceName" Value="SpShftIn" Type="String" />
        <Property Name="IsOwned" Value="True" Type="System.Boolean" />
        <Property Name="AutoConnect" Value="True" />
        <Property Name="PartName" Value="SpShftIn" Type="TxG_BA_27694.40" />
        <Property Name="BaseName" Value="SpShftIn" Type="TxG_BA_27694.40" />
        <Property Name="TagAttribute" Value="None" Type="TagEnum" />
        <Property Name="DescriptionTextRef" Value="TxG_BA_27695.40" />
      </BAObject>
      <BAObject Name="Segment_208_1'ROpUnDev'RClmOpModIn" Type="BAMultistateCalculatedValue" Id="79691960">
        <Property Name="Present_Value" Value="1" Type="Siemens.BASys.BAModel.Logic.EnumValue" />
        <Property Name="Ds1_Tracking_Value" Value="1" Type="Siemens.BASys.BAModel.Logic.EnumValue" />
        <Property Name="Status_Flags" Value="{False|False|False|False}" Type="Siemens.BASys.BAModel.Logic.BitStringValue" />
        <Property Name="Reliability" Value="0" Type="Siemens.BASys.BAModel.Logic.EnumValue`1[Siemens.BASys.SDUDefinitions.BADefs.EBACnetReliability]" />
        <Property Name="Out_Of_Service" Value="False" Type="Siemens.BASys.BAModel.Logic.BoolValue" />
        <Property Name="Ds1_Ioaddress" Value="PL-1:PR=RSMHD.HVACModeUser;GEO=3.8.1;" Type="Siemens.BASys.BAModel.Logic.StringValue" />
        <Property Name="Ds1_Update_Count" Value="0" Type="Siemens.BASys.BAModel.Logic.Value`1[System.UInt32]" />
        <Property Name="Number_Of_States" Value="5" Type="Siemens.BASys.BAModel.Logic.Value`1[System.Int32]" />
        <Property Name="State_Text" Value="1706426369|1706426370|1706426371|1706426372|1706426373|1706491903" Type="System.UInt32" />
        <Property Name="Event_State" Value="0" Type="Siemens.BASys.BAModel.Logic.EnumValue`1[Siemens.BASys.SDUDefinitions.BADefs.EBACnetEventState]" />
        <Property Name="Ds1_Ba_Object_Access" Value="3" Type="Siemens.BASys.BAModel.Logic.EnumValue`1[Siemens.BASys.SDUDefinitions.BADefs.EReadWriteAccessSensitivity]" />
        <Property Name="Ds1_Ba_Object_Usage" Value="0" Type="Siemens.BASys.BAModel.Logic.EnumValue`1[Siemens.BASys.SDUDefinitions.BADefs.EBA_Object_Usage]" />
        <Property Name="Description" Value="Room climate operating mode input value" Type="Siemens.BASys.BAModel.Logic.StringValue" />
        <Property Name="Object_Name" Value="Segment_208_1'ROpUnDev'RClmOpModIn" Type="Siemens.BASys.BAModel.Logic.StringValue" />
        <Property Name="Object_Identifier" Value="79691960" Type="Siemens.BASys.BAModel.Logic.ObjectIdentifierValue" />
        <Property Name="Object_Type" Value="19" Type="Siemens.BASys.BAModel.Logic.EnumValue`1[Siemens.BASys.SDUDefinitions.BADefs.EBACnetObjectType]" />
        <Property Name="Ds1_Ba_Prototype" Value="16" Type="Siemens.BASys.BAModel.Logic.EnumValue`1[Siemens.BASys.SDUDefinitions.BADefs.EBA_ObjPrototypeName]" />
        <Property Name="Profile_Name" Value="7-BA-RDS1-016-SBCv13.20" Type="Siemens.BASys.BAModel.Logic.StringValue" />
        <Property Name="StateTextReference" Value="1706491903" Type="System.UInt32" />
        <Property Name="InterfaceName" Value="RClmOpModIn" Type="String" />
        <Property Name="IsOwned" Value="True" Type="System.Boolean" />
        <Property Name="AutoConnect" Value="True" />
        <Property Name="PartName" Value="RClmOpModIn" Type="TxG_BA_27690.0" />
        <Property Name="BaseName" Value="RClmOpModIn" Type="TxG_BA_27690.0" />
        <Property Name="TagAttribute" Value="None" Type="TagEnum" />
        <Property Name="DescriptionTextRef" Value="TxG_BA_27691.0" />
      </BAObject>
      <BAObject Name="Segment_208_1'ROpUnDev'PrSpShftRu" Type="BAAnalogProcessValue" Id="8388717">
        <Property Name="Present_Value" Value="NULL" Type="Siemens.BASys.BAModel.Logic.Value`1[System.Single]" />
        <Property Name="Priority_Array" Value="[NULL|NULL|NULL|NULL|NULL|NULL|NULL|NULL|NULL|NULL|NULL|NULL|NULL|NULL|NULL|NULL]" Type="Siemens.BASys.BAModel.Logic.ArrayValue" />
        <Property Name="Ds1_Present_Priority" Value="17" Type="Siemens.BASys.BAModel.Logic.EnumValue`1[Siemens.BASys.BAModel.Logic.EBA_Present_Priority_Array_Index]" />
        <Property Name="Relinquish_Default" Value="0" Type="Siemens.BASys.BAModel.Logic.Value`1[System.Single]" />
        <Property Name="Status_Flags" Value="{False|False|False|False}" Type="Siemens.BASys.BAModel.Logic.BitStringValue" />
        <Property Name="Reliability" Value="0" Type="Siemens.BASys.BAModel.Logic.EnumValue`1[Siemens.BASys.SDUDefinitions.BADefs.EBACnetReliability]" />
        <Property Name="Out_Of_Service" Value="False" Type="Siemens.BASys.BAModel.Logic.BoolValue" />
        <Property Name="Ds1_Ioaddress" Value="PL-1:PR=RSMHD.TempRoomSetpUserOffsetEff;GEO=3.8.1;" Type="Siemens.BASys.BAModel.Logic.StringValue" />
        <Property Name="Ds1_Update_Count" Value="0" Type="Siemens.BASys.BAModel.Logic.Value`1[System.UInt32]" />
        <Property Name="Units" Value="63" Type="Siemens.BASys.BAModel.Logic.EnumValue`1[Siemens.BASys.BAModel.Logic.EBACnetEngineeringUnits]" />
        <Property Name="Resolution" Value="0.1" Type="Siemens.BASys.BAModel.Logic.Value`1[System.Single]" />
        <Property Name="Max_Pres_Value" Value="10" Type="Siemens.BASys.BAModel.Logic.Value`1[System.Single]" />
        <Property Name="Min_Pres_Value" Value="-10" Type="Siemens.BASys.BAModel.Logic.Value`1[System.Single]" />
        <Property Name="Cov_Increment" Value="0.1" Type="Siemens.BASys.BAModel.Logic.Value`1[System.Single]" />
        <Property Name="Ds1_Io_Extension" Value="0" Type="Siemens.BASys.BAModel.Logic.EnumValue" />
        <Property Name="Event_State" Value="0" Type="Siemens.BASys.BAModel.Logic.EnumValue`1[Siemens.BASys.SDUDefinitions.BADefs.EBACnetEventState]" />
        <Property Name="Ds1_Ba_Object_Access" Value="3" Type="Siemens.BASys.BAModel.Logic.EnumValue`1[Siemens.BASys.SDUDefinitions.BADefs.EReadWriteAccessSensitivity]" />
        <Property Name="Ds1_Ba_Object_Usage" Value="0" Type="Siemens.BASys.BAModel.Logic.EnumValue`1[Siemens.BASys.SDUDefinitions.BADefs.EBA_Object_Usage]" />
        <Property Name="Description" Value="Pres.setp.shift for room operator unit" Type="Siemens.BASys.BAModel.Logic.StringValue" />
        <Property Name="Object_Name" Value="Segment_208_1'ROpUnDev'PrSpShftRu" Type="Siemens.BASys.BAModel.Logic.StringValue" />
        <Property Name="Object_Identifier" Value="8388717" Type="Siemens.BASys.BAModel.Logic.ObjectIdentifierValue" />
        <Property Name="Object_Type" Value="2" Type="Siemens.BASys.BAModel.Logic.EnumValue`1[Siemens.BASys.SDUDefinitions.BADefs.EBACnetObjectType]" />
        <Property Name="Ds1_Ba_Prototype" Value="2" Type="Siemens.BASys.BAModel.Logic.EnumValue`1[Siemens.BASys.SDUDefinitions.BADefs.EBA_ObjPrototypeName]" />
        <Property Name="Profile_Name" Value="7-BA-RDS1-002-SBCv13.20" Type="Siemens.BASys.BAModel.Logic.StringValue" />
        <Property Name="StateTextReference" Value="91029505" Type="System.UInt32" />
        <Property Name="InterfaceName" Value="PrSpShftRu" Type="String" />
        <Property Name="IsOwned" Value="True" Type="System.Boolean" />
        <Property Name="AutoConnect" Value="True" />
        <Property Name="PartName" Value="PrSpShftRu" Type="TxG_BA_27694.1" />
        <Property Name="BaseName" Value="PrSpShftRu" Type="TxG_BA_27694.1" />
        <Property Name="TagAttribute" Value="None" Type="TagEnum" />
        <Property Name="DescriptionTextRef" Value="TxG_BA_27695.1" />
      </BAObject>
      <BAObject Name="Segment_208_1'ROpUnDev'FanSpdIn" Type="BAAnalogCalculatedValue" Id="8388718">
        <Property Name="Present_Value" Value="0" Type="Siemens.BASys.BAModel.Logic.Value`1[System.Single]" />
        <Property Name="Ds1_Tracking_Value" Value="0" Type="Siemens.BASys.BAModel.Logic.Value`1[System.Single]" />
        <Property Name="Status_Flags" Value="{False|False|False|False}" Type="Siemens.BASys.BAModel.Logic.BitStringValue" />
        <Property Name="Reliability" Value="0" Type="Siemens.BASys.BAModel.Logic.EnumValue`1[Siemens.BASys.SDUDefinitions.BADefs.EBACnetReliability]" />
        <Property Name="Out_Of_Service" Value="False" Type="Siemens.BASys.BAModel.Logic.BoolValue" />
        <Property Name="Ds1_Ioaddress" Value="PL-1:PR=FSSM.FanSpeedUser;GEO=3.8.1;" Type="Siemens.BASys.BAModel.Logic.StringValue" />
        <Property Name="Ds1_Update_Count" Value="0" Type="Siemens.BASys.BAModel.Logic.Value`1[System.UInt32]" />
        <Property Name="Units" Value="98" Type="Siemens.BASys.BAModel.Logic.EnumValue`1[Siemens.BASys.BAModel.Logic.EBACnetEngineeringUnits]" />
        <Property Name="Resolution" Value="1" Type="Siemens.BASys.BAModel.Logic.Value`1[System.Single]" />
        <Property Name="Max_Pres_Value" Value="100" Type="Siemens.BASys.BAModel.Logic.Value`1[System.Single]" />
        <Property Name="Min_Pres_Value" Value="0" Type="Siemens.BASys.BAModel.Logic.Value`1[System.Single]" />
        <Property Name="Cov_Increment" Value="1" Type="Siemens.BASys.BAModel.Logic.Value`1[System.Single]" />
        <Property Name="Event_State" Value="0" Type="Siemens.BASys.BAModel.Logic.EnumValue`1[Siemens.BASys.SDUDefinitions.BADefs.EBACnetEventState]" />
        <Property Name="Ds1_Ba_Object_Access" Value="3" Type="Siemens.BASys.BAModel.Logic.EnumValue`1[Siemens.BASys.SDUDefinitions.BADefs.EReadWriteAccessSensitivity]" />
        <Property Name="Ds1_Ba_Object_Usage" Value="0" Type="Siemens.BASys.BAModel.Logic.EnumValue`1[Siemens.BASys.SDUDefinitions.BADefs.EBA_Object_Usage]" />
        <Property Name="Description" Value="Fan speed input value" Type="Siemens.BASys.BAModel.Logic.StringValue" />
        <Property Name="Object_Name" Value="Segment_208_1'ROpUnDev'FanSpdIn" Type="Siemens.BASys.BAModel.Logic.StringValue" />
        <Property Name="Object_Identifier" Value="8388718" Type="Siemens.BASys.BAModel.Logic.ObjectIdentifierValue" />
        <Property Name="Object_Type" Value="2" Type="Siemens.BASys.BAModel.Logic.EnumValue`1[Siemens.BASys.SDUDefinitions.BADefs.EBACnetObjectType]" />
        <Property Name="Ds1_Ba_Prototype" Value="12" Type="Siemens.BASys.BAModel.Logic.EnumValue`1[Siemens.BASys.SDUDefinitions.BADefs.EBA_ObjPrototypeName]" />
        <Property Name="Profile_Name" Value="7-BA-RDS1-012-SBCv13.20" Type="Siemens.BASys.BAModel.Logic.StringValue" />
        <Property Name="StateTextReference" Value="91029505" Type="System.UInt32" />
        <Property Name="InterfaceName" Value="FanSpdIn" Type="String" />
        <Property Name="IsOwned" Value="True" Type="System.Boolean" />
        <Property Name="AutoConnect" Value="True" />
        <Property Name="PartName" Value="FanSpdIn" Type="TxG_BA_27682.19" />
        <Property Name="BaseName" Value="FanSpdIn" Type="TxG_BA_27682.19" />
        <Property Name="TagAttribute" Value="None" Type="TagEnum" />
        <Property Name="DescriptionTextRef" Value="TxG_BA_27683.19" />
      </BAObject>
      <BAObject Name="Segment_208_1'ROpUnDev'FanOpIn" Type="BABinaryCalculatedValue" Id="20971603">
        <Property Name="Present_Value" Value="False" Type="Siemens.BASys.BAModel.Logic.BoolValue" />
        <Property Name="Ds1_Tracking_Value" Value="False" Type="Siemens.BASys.BAModel.Logic.BoolValue" />
        <Property Name="Status_Flags" Value="{False|False|False|False}" Type="Siemens.BASys.BAModel.Logic.BitStringValue" />
        <Property Name="Reliability" Value="0" Type="Siemens.BASys.BAModel.Logic.EnumValue`1[Siemens.BASys.SDUDefinitions.BADefs.EBACnetReliability]" />
        <Property Name="Out_Of_Service" Value="False" Type="Siemens.BASys.BAModel.Logic.BoolValue" />
        <Property Name="Ds1_Ioaddress" Value="PL-1:PR=FSSM.FanSpeedUser;GEO=3.8.1;" Type="Siemens.BASys.BAModel.Logic.StringValue" />
        <Property Name="Ds1_Update_Count" Value="0" Type="Siemens.BASys.BAModel.Logic.Value`1[System.UInt32]" />
        <Property Name="Inactive_Text" Value="68288512" Type="System.UInt32" />
        <Property Name="Active_Text" Value="68288513" Type="System.UInt32" />
        <Property Name="Event_State" Value="0" Type="Siemens.BASys.BAModel.Logic.EnumValue`1[Siemens.BASys.SDUDefinitions.BADefs.EBACnetEventState]" />
        <Property Name="Ds1_Ba_Object_Access" Value="3" Type="Siemens.BASys.BAModel.Logic.EnumValue`1[Siemens.BASys.SDUDefinitions.BADefs.EReadWriteAccessSensitivity]" />
        <Property Name="Ds1_Ba_Object_Usage" Value="0" Type="Siemens.BASys.BAModel.Logic.EnumValue`1[Siemens.BASys.SDUDefinitions.BADefs.EBA_Object_Usage]" />
        <Property Name="Description" Value="Fan operation input value" Type="Siemens.BASys.BAModel.Logic.StringValue" />
        <Property Name="Object_Name" Value="Segment_208_1'ROpUnDev'FanOpIn" Type="Siemens.BASys.BAModel.Logic.StringValue" />
        <Property Name="Object_Identifier" Value="20971603" Type="Siemens.BASys.BAModel.Logic.ObjectIdentifierValue" />
        <Property Name="Object_Type" Value="5" Type="Siemens.BASys.BAModel.Logic.EnumValue`1[Siemens.BASys.SDUDefinitions.BADefs.EBACnetObjectType]" />
        <Property Name="Ds1_Ba_Prototype" Value="14" Type="Siemens.BASys.BAModel.Logic.EnumValue`1[Siemens.BASys.SDUDefinitions.BADefs.EBA_ObjPrototypeName]" />
        <Property Name="Profile_Name" Value="7-BA-RDS1-014-SBCv13.20" Type="Siemens.BASys.BAModel.Logic.StringValue" />
        <Property Name="StateTextReference" Value="68354047" Type="System.UInt32" />
        <Property Name="InterfaceName" Value="FanOpIn" Type="String" />
        <Property Name="IsOwned" Value="True" Type="System.Boolean" />
        <Property Name="AutoConnect" Value="True" />
        <Property Name="PartName" Value="FanOpIn" Type="TxG_BA_27682.24" />
        <Property Name="BaseName" Value="FanOpIn" Type="TxG_BA_27682.24" />
        <Property Name="TagAttribute" Value="None" Type="TagEnum" />
        <Property Name="DescriptionTextRef" Value="TxG_BA_27683.24" />
      </BAObject>
      <BAObject Name="Segment_208_1'ROpUnDev'AQualR" Type="BAAnalogInput" Id="83">
        <Property Name="Present_Value" Value="0" Type="Siemens.BASys.BAModel.Logic.Value`1[System.Single]" />
        <Property Name="Ds1_Tracking_Value" Value="0" Type="Siemens.BASys.BAModel.Logic.Value`1[System.Single]" />
        <Property Name="Status_Flags" Value="{False|False|False|False}" Type="Siemens.BASys.BAModel.Logic.BitStringValue" />
        <Property Name="Reliability" Value="0" Type="Siemens.BASys.BAModel.Logic.EnumValue`1[Siemens.BASys.SDUDefinitions.BADefs.EBACnetReliability]" />
        <Property Name="Out_Of_Service" Value="False" Type="Siemens.BASys.BAModel.Logic.BoolValue" />
        <Property Name="Ds1_Peripheral_Device_Type" Value="~" Type="Siemens.BASys.BAModel.Logic.StringValue" />
        <Property Name="Ds1_Ioaddress" Value="PL-1:PR=RAQS.AQRoom;GEO=3.8.1;" Type="Siemens.BASys.BAModel.Logic.StringValue" />
        <Property Name="Ds1_Commissioning_State" Value="0" Type="Siemens.BASys.BAModel.Logic.EnumValue`1[Siemens.BASys.SDUDefinitions.BADefs.EBA_Commissioning_State]" />
        <Property Name="Ds1_Commissioning_Info" Value="~" Type="Siemens.BASys.BAModel.Logic.StringValue" />
        <Property Name="Ds1_Update_Count" Value="0" Type="Siemens.BASys.BAModel.Logic.Value`1[System.UInt32]" />
        <Property Name="Units" Value="96" Type="Siemens.BASys.BAModel.Logic.EnumValue`1[Siemens.BASys.BAModel.Logic.EBACnetEngineeringUnits]" />
        <Property Name="Resolution" Value="10" Type="Siemens.BASys.BAModel.Logic.Value`1[System.Single]" />
        <Property Name="Max_Pres_Value" Value="5000" Type="Siemens.BASys.BAModel.Logic.Value`1[System.Single]" />
        <Property Name="Min_Pres_Value" Value="0" Type="Siemens.BASys.BAModel.Logic.Value`1[System.Single]" />
        <Property Name="Ds1_Correction_Offset" Value="0" Type="Siemens.BASys.BAModel.Logic.Value`1[System.Single]" />
        <Property Name="Ds1_Correction_Factor" Value="1" Type="Siemens.BASys.BAModel.Logic.Value`1[System.Single]" />
        <Property Name="Cov_Increment" Value="10" Type="Siemens.BASys.BAModel.Logic.Value`1[System.Single]" />
        <Property Name="Ds1_Io_Extension" Value="0" Type="Siemens.BASys.BAModel.Logic.EnumValue`1[Siemens.BASys.SDUDefinitions.BADefs.EBA_ExtEnum_Analog_Input]" />
        <Property Name="Ds1_Ba_Object_Access" Value="5" Type="Siemens.BASys.BAModel.Logic.EnumValue`1[Siemens.BASys.SDUDefinitions.BADefs.EReadWriteAccessSensitivity]" />
        <Property Name="Ds1_Ba_Object_Usage" Value="0" Type="Siemens.BASys.BAModel.Logic.EnumValue`1[Siemens.BASys.SDUDefinitions.BADefs.EBA_Object_Usage]" />
        <Property Name="Event_State" Value="0" Type="Siemens.BASys.BAModel.Logic.EnumValue`1[Siemens.BASys.SDUDefinitions.BADefs.EBACnetEventState]" />
        <Property Name="Description" Value="Room air quality" Type="Siemens.BASys.BAModel.Logic.StringValue" />
        <Property Name="Object_Name" Value="Segment_208_1'ROpUnDev'AQualR" Type="Siemens.BASys.BAModel.Logic.StringValue" />
        <Property Name="Object_Identifier" Value="83" Type="Siemens.BASys.BAModel.Logic.ObjectIdentifierValue" />
        <Property Name="Object_Type" Value="0" Type="Siemens.BASys.BAModel.Logic.EnumValue`1[Siemens.BASys.SDUDefinitions.BADefs.EBACnetObjectType]" />
        <Property Name="Ds1_Ba_Prototype" Value="1" Type="Siemens.BASys.BAModel.Logic.EnumValue`1[Siemens.BASys.SDUDefinitions.BADefs.EBA_ObjPrototypeName]" />
        <Property Name="Profile_Name" Value="7-BA-RDS1-001-SBCv13.20" Type="Siemens.BASys.BAModel.Logic.StringValue" />
        <Property Name="StateTextReference" Value="91029505" Type="System.UInt32" />
        <Property Name="InterfaceName" Value="AQualR" Type="String" />
        <Property Name="IsOwned" Value="True" Type="System.Boolean" />
        <Property Name="AutoConnect" Value="True" />
        <Property Name="PartName" Value="AQualR" Type="TxG_BA_25743.16" />
        <Property Name="BaseName" Value="AQualR" Type="TxG_BA_25743.16" />
        <Property Name="TagAttribute" Value="None" Type="TagEnum" />
        <Property Name="DescriptionTextRef" Value="TxG_BA_25744.16" />
      </BAObject>
      <BAObject Name="Segment_208_1'ROpUnDev'HuRelR" Type="BAAnalogInput" Id="84">
        <Property Name="Present_Value" Value="0" Type="Siemens.BASys.BAModel.Logic.Value`1[System.Single]" />
        <Property Name="Ds1_Tracking_Value" Value="0" Type="Siemens.BASys.BAModel.Logic.Value`1[System.Single]" />
        <Property Name="Status_Flags" Value="{False|False|False|False}" Type="Siemens.BASys.BAModel.Logic.BitStringValue" />
        <Property Name="Reliability" Value="0" Type="Siemens.BASys.BAModel.Logic.EnumValue`1[Siemens.BASys.SDUDefinitions.BADefs.EBACnetReliability]" />
        <Property Name="Out_Of_Service" Value="False" Type="Siemens.BASys.BAModel.Logic.BoolValue" />
        <Property Name="Ds1_Peripheral_Device_Type" Value="~" Type="Siemens.BASys.BAModel.Logic.StringValue" />
        <Property Name="Ds1_Ioaddress" Value="PL-1:PR=RRHS.HumRelRoom;GEO=3.8.1;" Type="Siemens.BASys.BAModel.Logic.StringValue" />
        <Property Name="Ds1_Commissioning_State" Value="0" Type="Siemens.BASys.BAModel.Logic.EnumValue`1[Siemens.BASys.SDUDefinitions.BADefs.EBA_Commissioning_State]" />
        <Property Name="Ds1_Commissioning_Info" Value="~" Type="Siemens.BASys.BAModel.Logic.StringValue" />
        <Property Name="Ds1_Update_Count" Value="0" Type="Siemens.BASys.BAModel.Logic.Value`1[System.UInt32]" />
        <Property Name="Units" Value="29" Type="Siemens.BASys.BAModel.Logic.EnumValue`1[Siemens.BASys.BAModel.Logic.EBACnetEngineeringUnits]" />
        <Property Name="Resolution" Value="1" Type="Siemens.BASys.BAModel.Logic.Value`1[System.Single]" />
        <Property Name="Max_Pres_Value" Value="95" Type="Siemens.BASys.BAModel.Logic.Value`1[System.Single]" />
        <Property Name="Min_Pres_Value" Value="10" Type="Siemens.BASys.BAModel.Logic.Value`1[System.Single]" />
        <Property Name="Ds1_Correction_Offset" Value="0" Type="Siemens.BASys.BAModel.Logic.Value`1[System.Single]" />
        <Property Name="Ds1_Correction_Factor" Value="1" Type="Siemens.BASys.BAModel.Logic.Value`1[System.Single]" />
        <Property Name="Cov_Increment" Value="1" Type="Siemens.BASys.BAModel.Logic.Value`1[System.Single]" />
        <Property Name="Ds1_Io_Extension" Value="0" Type="Siemens.BASys.BAModel.Logic.EnumValue`1[Siemens.BASys.SDUDefinitions.BADefs.EBA_ExtEnum_Analog_Input]" />
        <Property Name="Ds1_Ba_Object_Access" Value="5" Type="Siemens.BASys.BAModel.Logic.EnumValue`1[Siemens.BASys.SDUDefinitions.BADefs.EReadWriteAccessSensitivity]" />
        <Property Name="Ds1_Ba_Object_Usage" Value="0" Type="Siemens.BASys.BAModel.Logic.EnumValue`1[Siemens.BASys.SDUDefinitions.BADefs.EBA_Object_Usage]" />
        <Property Name="Event_State" Value="0" Type="Siemens.BASys.BAModel.Logic.EnumValue`1[Siemens.BASys.SDUDefinitions.BADefs.EBACnetEventState]" />
        <Property Name="Description" Value="Relative humidity for room" Type="Siemens.BASys.BAModel.Logic.StringValue" />
        <Property Name="Object_Name" Value="Segment_208_1'ROpUnDev'HuRelR" Type="Siemens.BASys.BAModel.Logic.StringValue" />
        <Property Name="Object_Identifier" Value="84" Type="Siemens.BASys.BAModel.Logic.ObjectIdentifierValue" />
        <Property Name="Object_Type" Value="0" Type="Siemens.BASys.BAModel.Logic.EnumValue`1[Siemens.BASys.SDUDefinitions.BADefs.EBACnetObjectType]" />
        <Property Name="Ds1_Ba_Prototype" Value="1" Type="Siemens.BASys.BAModel.Logic.EnumValue`1[Siemens.BASys.SDUDefinitions.BADefs.EBA_ObjPrototypeName]" />
        <Property Name="Profile_Name" Value="7-BA-RDS1-001-SBCv13.20" Type="Siemens.BASys.BAModel.Logic.StringValue" />
        <Property Name="StateTextReference" Value="91029505" Type="System.UInt32" />
        <Property Name="InterfaceName" Value="HuRelR" Type="String" />
        <Property Name="IsOwned" Value="True" Type="System.Boolean" />
        <Property Name="AutoConnect" Value="True" />
        <Property Name="PartName" Value="HuRelR" Type="TxG_BA_27897.1" />
        <Property Name="BaseName" Value="HuRelR" Type="TxG_BA_27897.1" />
        <Property Name="TagAttribute" Value="None" Type="TagEnum" />
        <Property Name="DescriptionTextRef" Value="TxG_BA_27898.1" />
      </BAObject>
      <BAObject Name="Segment_208_1'ROpUnDev'PscBtnIn" Type="BABinaryCalculatedValue" Id="20971605">
        <Property Name="Present_Value" Value="False" Type="Siemens.BASys.BAModel.Logic.BoolValue" />
        <Property Name="Ds1_Tracking_Value" Value="False" Type="Siemens.BASys.BAModel.Logic.BoolValue" />
        <Property Name="Status_Flags" Value="{False|False|False|False}" Type="Siemens.BASys.BAModel.Logic.BitStringValue" />
        <Property Name="Reliability" Value="0" Type="Siemens.BASys.BAModel.Logic.EnumValue`1[Siemens.BASys.SDUDefinitions.BADefs.EBACnetReliability]" />
        <Property Name="Out_Of_Service" Value="False" Type="Siemens.BASys.BAModel.Logic.BoolValue" />
        <Property Name="Ds1_Ioaddress" Value="PL-1:PR=UPS.PresenceStatus;GEO=3.8.1;" Type="Siemens.BASys.BAModel.Logic.StringValue" />
        <Property Name="Ds1_Update_Count" Value="0" Type="Siemens.BASys.BAModel.Logic.Value`1[System.UInt32]" />
        <Property Name="Inactive_Text" Value="1825505280" Type="System.UInt32" />
        <Property Name="Active_Text" Value="1825505281" Type="System.UInt32" />
        <Property Name="Event_State" Value="0" Type="Siemens.BASys.BAModel.Logic.EnumValue`1[Siemens.BASys.SDUDefinitions.BADefs.EBACnetEventState]" />
        <Property Name="Ds1_Ba_Object_Access" Value="3" Type="Siemens.BASys.BAModel.Logic.EnumValue`1[Siemens.BASys.SDUDefinitions.BADefs.EReadWriteAccessSensitivity]" />
        <Property Name="Ds1_Ba_Object_Usage" Value="0" Type="Siemens.BASys.BAModel.Logic.EnumValue`1[Siemens.BASys.SDUDefinitions.BADefs.EBA_Object_Usage]" />
        <Property Name="Description" Value="Presence button input value" Type="Siemens.BASys.BAModel.Logic.StringValue" />
        <Property Name="Object_Name" Value="Segment_208_1'ROpUnDev'PscBtnIn" Type="Siemens.BASys.BAModel.Logic.StringValue" />
        <Property Name="Object_Identifier" Value="20971605" Type="Siemens.BASys.BAModel.Logic.ObjectIdentifierValue" />
        <Property Name="Object_Type" Value="5" Type="Siemens.BASys.BAModel.Logic.EnumValue`1[Siemens.BASys.SDUDefinitions.BADefs.EBACnetObjectType]" />
        <Property Name="Ds1_Ba_Prototype" Value="14" Type="Siemens.BASys.BAModel.Logic.EnumValue`1[Siemens.BASys.SDUDefinitions.BADefs.EBA_ObjPrototypeName]" />
        <Property Name="Profile_Name" Value="7-BA-RDS1-014-SBCv13.20" Type="Siemens.BASys.BAModel.Logic.StringValue" />
        <Property Name="StateTextReference" Value="1825570815" Type="System.UInt32" />
        <Property Name="InterfaceName" Value="PscBtnIn" Type="String" />
        <Property Name="IsOwned" Value="True" Type="System.Boolean" />
        <Property Name="AutoConnect" Value="True" />
        <Property Name="PartName" Value="PscBtnIn" Type="TxG_BA_27696.67" />
        <Property Name="BaseName" Value="PscBtnIn" Type="TxG_BA_27696.67" />
        <Property Name="TagAttribute" Value="None" Type="TagEnum" />
        <Property Name="DescriptionTextRef" Value="TxG_BA_27697.67" />
      </BAObject>
      <BAObject Name="Segment_208_1'ROpUnDev'PscBtnRu" Type="BABinaryProcessValue" Id="20971604">
        <Property Name="Present_Value" Value="False" Type="Siemens.BASys.BAModel.Logic.BoolValue" />
        <Property Name="Priority_Array" Value="[NULL|NULL|NULL|NULL|NULL|NULL|NULL|NULL|NULL|NULL|NULL|NULL|NULL|NULL|NULL|NULL]" Type="Siemens.BASys.BAModel.Logic.ArrayValue" />
        <Property Name="Ds1_Present_Priority" Value="17" Type="Siemens.BASys.BAModel.Logic.EnumValue`1[Siemens.BASys.BAModel.Logic.EBA_Present_Priority_Array_Index]" />
        <Property Name="Relinquish_Default" Value="False" Type="Siemens.BASys.BAModel.Logic.BoolValue" />
        <Property Name="Status_Flags" Value="{False|False|False|False}" Type="Siemens.BASys.BAModel.Logic.BitStringValue" />
        <Property Name="Reliability" Value="0" Type="Siemens.BASys.BAModel.Logic.EnumValue`1[Siemens.BASys.SDUDefinitions.BADefs.EBACnetReliability]" />
        <Property Name="Out_Of_Service" Value="False" Type="Siemens.BASys.BAModel.Logic.BoolValue" />
        <Property Name="Ds1_Ioaddress" Value="PL-1:PR=UPS.PresenceStatusEff;GEO=3.8.1;" Type="Siemens.BASys.BAModel.Logic.StringValue" />
        <Property Name="Ds1_Update_Count" Value="0" Type="Siemens.BASys.BAModel.Logic.Value`1[System.UInt32]" />
        <Property Name="Inactive_Text" Value="1825505280" Type="System.UInt32" />
        <Property Name="Active_Text" Value="1825505281" Type="System.UInt32" />
        <Property Name="Event_State" Value="0" Type="Siemens.BASys.BAModel.Logic.EnumValue`1[Siemens.BASys.SDUDefinitions.BADefs.EBACnetEventState]" />
        <Property Name="Ds1_Ba_Object_Access" Value="3" Type="Siemens.BASys.BAModel.Logic.EnumValue`1[Siemens.BASys.SDUDefinitions.BADefs.EReadWriteAccessSensitivity]" />
        <Property Name="Ds1_Ba_Object_Usage" Value="0" Type="Siemens.BASys.BAModel.Logic.EnumValue`1[Siemens.BASys.SDUDefinitions.BADefs.EBA_Object_Usage]" />
        <Property Name="Description" Value="Presence button for room operator unit" Type="Siemens.BASys.BAModel.Logic.StringValue" />
        <Property Name="Object_Name" Value="Segment_208_1'ROpUnDev'PscBtnRu" Type="Siemens.BASys.BAModel.Logic.StringValue" />
        <Property Name="Object_Identifier" Value="20971604" Type="Siemens.BASys.BAModel.Logic.ObjectIdentifierValue" />
        <Property Name="Object_Type" Value="5" Type="Siemens.BASys.BAModel.Logic.EnumValue`1[Siemens.BASys.SDUDefinitions.BADefs.EBACnetObjectType]" />
        <Property Name="Ds1_Ba_Prototype" Value="5" Type="Siemens.BASys.BAModel.Logic.EnumValue`1[Siemens.BASys.SDUDefinitions.BADefs.EBA_ObjPrototypeName]" />
        <Property Name="Profile_Name" Value="7-BA-RDS1-005-SBCv13.20" Type="Siemens.BASys.BAModel.Logic.StringValue" />
        <Property Name="StateTextReference" Value="1825570815" Type="System.UInt32" />
        <Property Name="InterfaceName" Value="PscBtnRu" Type="String" />
        <Property Name="IsOwned" Value="True" Type="System.Boolean" />
        <Property Name="AutoConnect" Value="True" />
        <Property Name="PartName" Value="PscBtnRu" Type="TxG_BA_27696.68" />
        <Property Name="BaseName" Value="PscBtnRu" Type="TxG_BA_27696.68" />
        <Property Name="TagAttribute" Value="None" Type="TagEnum" />
        <Property Name="DescriptionTextRef" Value="TxG_BA_27697.68" />
      </BAObject>
    </OwnedBAObjects>
  </Entity>
  <BlueData>
    <Template Name="QMX3_P74_GenHvac" DataObjectType="Siemens.BASys.OMCObjectModel.Data.CfgCustomizedViewExtData" SVSVersion="300" TemplateFile="QMX3_P74_GenHvac.xml" Params="QMX3.P74" />
  </BlueData>
</LMT>