﻿<?xml version="1.0" encoding="utf-8"?>
<LMT xmlns:xsi="http://www.w3.org/2001/XMLSchema-instance" xmlns:xsd="http://www.w3.org/2001/XMLSchema">
  <DocumentHeader SchemaVersion="1.2" ModificationDate="2014-11-11T15:31:11.8171053+01:00" CreationID="2" BuildInfo="12.0.560.0">
    <HashInfo SerialKey="" />
    <AutomationDeviceInfo DeviceType="DXR2.E12P" SVS="300" Units="0" />
  </DocumentHeader>
  <Entity Type="30">
    <Property Name="Ds1_Group_Category_Text" Value="ROpUnCtl" Type="Siemens.BASys.BAModel.Logic.StringValue" />
    <Property Name="Ds1_Group_Category" Value="28334108" Type="Siemens.BASys.BAModel.Logic.Value`1[System.UInt32]" />
    <Property Name="Ds1_Group_Number" Value="4294967295" Type="Siemens.BASys.BAModel.Logic.Value`1[System.UInt32]" />
    <Property Name="Ds1_Group_Member_Tag" Value="RSegm" Type="Siemens.BASys.BAModel.Logic.StringValue" />
    <Property Name="Ds1_Context_Reference" Value="(Unassigned|STR_VIEW,235)" Type="Siemens.BASys.BAModel.Logic.SequenceValue" />
    <Property Name="Ds1_Group_Master" Value="(Unassigned|Unassigned)" Type="Siemens.BASys.BAModel.Logic.SequenceValue" />
    <Property Name="Ds1_Group_Master_Context" Value="(Unassigned|Unassigned)" Type="Siemens.BASys.BAModel.Logic.SequenceValue" />
    <Property Name="Status_Flags" Value="{False|False|False|False}" Type="Siemens.BASys.BAModel.Logic.BitStringValue" />
    <Property Name="Reliability" Value="0" Type="Siemens.BASys.BAModel.Logic.EnumValue`1[Siemens.BASys.SDUDefinitions.BADefs.EBACnetReliability]" />
    <Property Name="Out_Of_Service" Value="True" Type="Siemens.BASys.BAModel.Logic.BoolValue" />
    <Property Name="Ds1_Item_Values_Object_Property_Ref" Value="[(AVAL,110|Present value|65535|Unassigned|FanSpdIn(*))|(AVAL,113|Present value|65535|Unassigned|FanSpdRu(*))|(BVAL,83|Present value|65535|Unassigned|FanOpIn(*))|(AVAL,113|Number of fan stages|65535|Unassigned|FanSpdRu(*))|(AVAL,113|Rapid ventilation|65535|Unassigned|FanSpdRu(*))|(AVAL,115|Present value|65535|Unassigned|TRRu(*))|(AVAL,111|Present value|65535|Unassigned|TOaRu(*))|(MVAL,184|Present value|65535|Unassigned|RClmOpModIn(*))|(MVAL,189|Present value|65535|Unassigned|RClmOpModRu(*))|(Unassigned|Present value|65535|Unassigned|TmpCmfIn(*))|(Unassigned|Present value|65535|Unassigned|TmpCmfRu(*))|(Unassigned|Present value|65535|Unassigned|ScnSel(*))|(Unassigned|Present value|65535|Unassigned|ScnMemSel(*))|(Unassigned|Present value|65535|Unassigned|ScnSelRu(*))|(AVAL,109|Present value|65535|Unassigned|PrSpShftRu(*))|(AVAL,112|Present value|65535|Unassigned|SpShftIn(*))|(AVAL,116|Present value|65535|Unassigned|PrSpRu(*))|(BVAL,85|Present value|65535|Unassigned|PscBtnIn(*))|(BVAL,84|Present value|65535|Unassigned|PscBtnRu(*))|(BVAL,87|Present value|65535|Unassigned|LockOpRu(*))|(BVAL,86|Present value|65535|Unassigned|WndContRu(*))|(Unassigned|Present value|65535|Unassigned|AQualRRu(*))|(MVAL,188|Present value|65535|Unassigned|AQualRIndRu(*))|(MVAL,187|Present value|65535|Unassigned|HCStaRu(*))|(MVAL,186|Present value|65535|Unassigned|REeiRu(*))|(BVAL,88|Present value|65535|Unassigned|REeiRstIn(*))|(AVAL,114|Present value|65535|Unassigned|HuRelRRu(*))]" Type="Siemens.BASys.BAModel.Logic.ArrayValue" />
    <Property Name="Ds1_Item_Values_Reliability" Value="[No fault detected|No fault detected|No fault detected|No fault detected|No fault detected|No fault detected|No fault detected|No fault detected|No fault detected|No fault detected|No fault detected|No fault detected|No fault detected|No fault detected|No fault detected|No fault detected|No fault detected|No fault detected|No fault detected|No fault detected|No fault detected|No fault detected|No fault detected|No fault detected|No fault detected|No fault detected|No fault detected]" Type="Siemens.BASys.BAModel.Logic.ArrayValue" />
    <Property Name="Ds1_Item_Values_Operation" Value="[Read|Write|Read|Write|Write|Write|Write|Read|Write|Read|Write|Read|Read|Write|Write|Read|Write|Read|Write|Write|Write|Write|Write|Write|Write|Read|Write]" Type="Siemens.BASys.BAModel.Logic.ArrayValue" />
    <Property Name="Ds1_Item_Values_Data_Tag_Number" Value="[28346387|28346389|28346392|28346400|28346401|28348417|28348426|28354560|28354575|28354577|28354579|28356608|28356609|28356624|28358657|28358696|28358698|28360771|28360772|28373002|28375065|28379168|28379169|28383253|28397615|28397616|28566530]" Type="Siemens.BASys.BAModel.Logic.ArrayValue" />
    <Property Name="Ds1_Item_Values" Value="[(RealVal:0)|(NullVal:NULL)|(UnsgVal:0)|(UnsgVal:2)|(UnsgVal:0)|(NullVal:NULL)|(NullVal:NULL)|(UnsgVal:1)|(NullVal:NULL)|(UnsgVal:0)|(UnsgVal:0)|(UnsgVal:1)|(UnsgVal:1)|(NullVal:NULL)|(NullVal:NULL)|(RealVal:0)|(NullVal:NULL)|(UnsgVal:0)|(UnsgVal:0)|(UnsgVal:0)|(UnsgVal:0)|(NullVal:NULL)|(NullVal:NULL)|(NullVal:NULL)|(NullVal:NULL)|(UnsgVal:0)|(NullVal:NULL)]" Type="Siemens.BASys.BAModel.Logic.ArrayValue" />
    <Property Name="Ds1_Item_Values_Priority" Value="[16: Automatic mode 7|16: Automatic mode 7|16: Automatic mode 7|16: Automatic mode 7|16: Automatic mode 7|16: Automatic mode 7|16: Automatic mode 7|16: Automatic mode 7|16: Automatic mode 7|16: Automatic mode 7|16: Automatic mode 7|16: Automatic mode 7|16: Automatic mode 7|16: Automatic mode 7|16: Automatic mode 7|16: Automatic mode 7|16: Automatic mode 7|16: Automatic mode 7|16: Automatic mode 7|11: Automatic mode 3|16: Automatic mode 7|16: Automatic mode 7|16: Automatic mode 7|16: Automatic mode 7|16: Automatic mode 7|16: Automatic mode 7|16: Automatic mode 7]" Type="Siemens.BASys.BAModel.Logic.ArrayValue" />
    <Property Name="Ds1_Collected_Data_Seq_Number" Value="0" Type="Siemens.BASys.BAModel.Logic.Value`1[System.UInt32]" />
    <Property Name="Event_State" Value="0" Type="Siemens.BASys.BAModel.Logic.EnumValue`1[Siemens.BASys.SDUDefinitions.BADefs.EBACnetEventState]" />
    <Property Name="Ds1_Ba_Object_Access" Value="6" Type="Siemens.BASys.BAModel.Logic.EnumValue`1[Siemens.BASys.SDUDefinitions.BADefs.EReadWriteAccessSensitivity]" />
    <Property Name="Ds1_Ba_Object_Usage" Value="0" Type="Siemens.BASys.BAModel.Logic.EnumValue`1[Siemens.BASys.SDUDefinitions.BADefs.EBA_Object_Usage]" />
    <Property Name="Description" Value="Room operator unit control" Type="Siemens.BASys.BAModel.Logic.StringValue" />
    <Property Name="Object_Name" Value="Segment_208_1'ROpUnCtl" Type="Siemens.BASys.BAModel.Logic.StringValue" />
    <Property Name="Object_Identifier" Value="1073741863" Type="Siemens.BASys.BAModel.Logic.ObjectIdentifierValue" />
    <Property Name="Object_Type" Value="256" Type="Siemens.BASys.BAModel.Logic.EnumValue`1[Siemens.BASys.SDUDefinitions.BADefs.EBACnetObjectType]" />
    <Property Name="Ds1_Ba_Prototype" Value="30" Type="Siemens.BASys.BAModel.Logic.EnumValue`1[Siemens.BASys.SDUDefinitions.BADefs.EBA_ObjPrototypeName]" />
    <Property Name="Profile_Name" Value="7-BA-RDS1-030-SBCv13.20" Type="Siemens.BASys.BAModel.Logic.StringValue" />
    <Property Name="InterfaceName" Value="ROpUnCtl" Type="String" />
    <Property Name="IsOwned" Value="True" Type="System.Boolean" />
    <Property Name="AutoConnect" Value="True" />
    <Property Name="PartName" Value="ROpUnCtl" Type="TxG_BA_27670.28" />
    <Property Name="BaseName" Value="ROpUnCtl" Type="TxG_BA_27670.28" />
    <Property Name="TagAttribute" Value="None" Type="TagEnum" />
    <Property Name="DescriptionTextRef" Value="TxG_BA_27671.28" />
    <OwnedBAObjects>
      <BAObject Name="FanSpdIn(*)" Type="12" Id="28346387" Description="FanSpdIn" GroupMemberPropName="Present_Value" DefaultValue="0" Operation="2" DefaultPriority="16" BaseName="FanSpdIn" BaseNameTextRef="TxG_BA_27682.19" ReplacementString="" TagAttribute="All" />
      <BAObject Name="FanSpdRu(*)" Type="2" Id="28346389" Description="FanSpdRu" GroupMemberPropName="Present_Value" DefaultValue="NULL" Operation="0" DefaultPriority="16" BaseName="FanSpdRu" BaseNameTextRef="TxG_BA_27682.21" ReplacementString="" TagAttribute="All" />
      <BAObject Name="FanOpIn(*)" Type="14" Id="28346392" Description="FanOpIn" GroupMemberPropName="Present_Value" DefaultValue="False" Operation="2" DefaultPriority="16" BaseName="FanOpIn" BaseNameTextRef="TxG_BA_27682.24" ReplacementString="" TagAttribute="All" />
      <BAObject Name="FanSpdRu(*)" Type="2" Id="28346400" Description="FanSpdRuNumSts" GroupMemberPropName="Ds1_Number_Of_Fan_Steps" DefaultValue="2" Operation="0" DefaultPriority="16" BaseName="FanSpdRu" BaseNameTextRef="TxG_BA_27682.21" ReplacementString="" TagAttribute="All" />
      <BAObject Name="FanSpdRu(*)" Type="2" Id="28346401" Description="FanSpdRuRpdVnt" GroupMemberPropName="Ds1_Rapid_Ventilation" DefaultValue="False" Operation="0" DefaultPriority="16" BaseName="FanSpdRu" BaseNameTextRef="TxG_BA_27682.21" ReplacementString="" TagAttribute="All" />
      <BAObject Name="TRRu(*)" Type="2" Id="28348417" Description="TRRu" GroupMemberPropName="Present_Value" DefaultValue="NULL" Operation="0" DefaultPriority="16" BaseName="TRRu" BaseNameTextRef="TxG_BA_27684.1" ReplacementString="" TagAttribute="All" />
      <BAObject Name="TOaRu(*)" Type="2" Id="28348426" Description="TOaRu" GroupMemberPropName="Present_Value" DefaultValue="NULL" Operation="0" DefaultPriority="16" BaseName="TOaRu" BaseNameTextRef="TxG_BA_27684.10" ReplacementString="" TagAttribute="All" />
      <BAObject Name="RClmOpModIn(*)" Type="16" Id="28354560" Description="RClmOpModIn" GroupMemberPropName="Present_Value" DefaultValue="1" Operation="2" DefaultPriority="16" BaseName="RClmOpModIn" BaseNameTextRef="TxG_BA_27690.0" ReplacementString="" TagAttribute="All" />
      <BAObject Name="RClmOpModRu(*)" Type="8" Id="28354575" Description="RClmOpModRu" GroupMemberPropName="Present_Value" DefaultValue="" Operation="0" DefaultPriority="16" BaseName="RClmOpModRu" BaseNameTextRef="TxG_BA_27690.15" ReplacementString="" TagAttribute="All" />
      <BAObject Name="TmpCmfIn(*)" Type="4" Id="28354577" Description="TmpCmfIn" GroupMemberPropName="Present_Value" DefaultValue="False" Operation="2" DefaultPriority="16" BaseName="TmpCmfIn" BaseNameTextRef="TxG_BA_27690.17" ReplacementString="" TagAttribute="All" />
      <BAObject Name="TmpCmfRu(*)" Type="5" Id="28354579" Description="TmpCmfRu" GroupMemberPropName="Present_Value" DefaultValue="False" Operation="0" DefaultPriority="16" BaseName="TmpCmfRu" BaseNameTextRef="TxG_BA_27690.19" ReplacementString="" TagAttribute="All" />
      <BAObject Name="ScnSel(*)" Type="7" Id="28356608" Description="ScnSel" GroupMemberPropName="Present_Value" DefaultValue="1" Operation="2" DefaultPriority="16" BaseName="ScnSel" BaseNameTextRef="TxG_BA_27692.0" ReplacementString="" TagAttribute="All" />
      <BAObject Name="ScnMemSel(*)" Type="7" Id="28356609" Description="ScnMemSel" GroupMemberPropName="Present_Value" DefaultValue="1" Operation="2" DefaultPriority="16" BaseName="ScnMemSel" BaseNameTextRef="TxG_BA_27692.1" ReplacementString="" TagAttribute="All" />
      <BAObject Name="ScnSelRu(*)" Type="8" Id="28356624" Description="ScnSelRu" GroupMemberPropName="Present_Value" DefaultValue="" Operation="0" DefaultPriority="16" BaseName="ScnSelRu" BaseNameTextRef="TxG_BA_27692.16" ReplacementString="" TagAttribute="All" />
      <BAObject Name="PrSpShftRu(*)" Type="2" Id="28358657" Description="PrSpShftRu" GroupMemberPropName="Present_Value" DefaultValue="NULL" Operation="0" DefaultPriority="16" BaseName="PrSpShftRu" BaseNameTextRef="TxG_BA_27694.1" ReplacementString="" TagAttribute="All" />
      <BAObject Name="SpShftIn(*)" Type="12" Id="28358696" Description="SpShftIn" GroupMemberPropName="Present_Value" DefaultValue="0" Operation="2" DefaultPriority="16" BaseName="SpShftIn" BaseNameTextRef="TxG_BA_27694.40" ReplacementString="" TagAttribute="All" />
      <BAObject Name="PrSpRu(*)" Type="2" Id="28358698" Description="PrSpRu" GroupMemberPropName="Present_Value" DefaultValue="NULL" Operation="0" DefaultPriority="16" BaseName="PrSpRu" BaseNameTextRef="TxG_BA_27694.42" ReplacementString="" TagAttribute="All" />
      <BAObject Name="PscBtnIn(*)" Type="14" Id="28360771" Description="PscBtnIn" GroupMemberPropName="Present_Value" DefaultValue="False" Operation="2" DefaultPriority="16" BaseName="PscBtnIn" BaseNameTextRef="TxG_BA_27696.67" ReplacementString="" TagAttribute="All" />
      <BAObject Name="PscBtnRu(*)" Type="5" Id="28360772" Description="PscBtnRu" GroupMemberPropName="Present_Value" DefaultValue="False" Operation="0" DefaultPriority="16" BaseName="PscBtnRu" BaseNameTextRef="TxG_BA_27696.68" ReplacementString="" TagAttribute="All" />
      <BAObject Name="LockOpRu(*)" Type="5" Id="28373002" Description="LockOpRu" GroupMemberPropName="Present_Value" DefaultValue="False" Operation="0" DefaultPriority="11" BaseName="LockOpRu" BaseNameTextRef="TxG_BA_27708.10" ReplacementString="" TagAttribute="All" />
      <BAObject Name="WndContRu(*)" Type="5" Id="28375065" Description="WndContRu" GroupMemberPropName="Present_Value" DefaultValue="False" Operation="0" DefaultPriority="16" BaseName="WndContRu" BaseNameTextRef="TxG_BA_27710.25" ReplacementString="" TagAttribute="All" />
      <BAObject Name="AQualRRu(*)" Type="2" Id="28379168" Description="AQualRRu" GroupMemberPropName="Present_Value" DefaultValue="NULL" Operation="0" DefaultPriority="16" BaseName="AQualRRu" BaseNameTextRef="TxG_BA_27714.32" ReplacementString="" TagAttribute="All" />
      <BAObject Name="AQualRIndRu(*)" Type="8" Id="28379169" Description="AQualRIndRu" GroupMemberPropName="Present_Value" DefaultValue="" Operation="0" DefaultPriority="16" BaseName="AQualRIndRu" BaseNameTextRef="TxG_BA_27714.33" ReplacementString="" TagAttribute="All" />
      <BAObject Name="HCStaRu(*)" Type="8" Id="28383253" Description="HCStaRu" GroupMemberPropName="Present_Value" DefaultValue="" Operation="0" DefaultPriority="16" BaseName="HCStaRu" BaseNameTextRef="TxG_BA_27718.21" ReplacementString="" TagAttribute="All" />
      <BAObject Name="REeiRu(*)" Type="8" Id="28397615" Description="REeiRu" GroupMemberPropName="Present_Value" DefaultValue="" Operation="0" DefaultPriority="16" BaseName="REeiRu" BaseNameTextRef="TxG_BA_27732.47" ReplacementString="" TagAttribute="All" />
      <BAObject Name="REeiRstIn(*)" Type="14" Id="28397616" Description="REeiRstIn" GroupMemberPropName="Present_Value" DefaultValue="False" Operation="2" DefaultPriority="16" BaseName="REeiRstIn" BaseNameTextRef="TxG_BA_27732.48" ReplacementString="" TagAttribute="All" />
      <BAObject Name="HuRelRRu(*)" Type="2" Id="28566530" Description="HuRelRRu" GroupMemberPropName="Present_Value" DefaultValue="NULL" Operation="0" DefaultPriority="16" BaseName="HuRelRRu" BaseNameTextRef="TxG_BA_27897.2" ReplacementString="" TagAttribute="All" />
    </OwnedBAObjects>
  </Entity>
</LMT>