﻿<?xml version="1.0" encoding="utf-8"?>
<LMT xmlns:xsi="http://www.w3.org/2001/XMLSchema-instance" xmlns:xsd="http://www.w3.org/2001/XMLSchema">
  <DocumentHeader SchemaVersion="1.2" ModificationDate="2014-11-11T15:31:11.9887056+01:00" CreationID="9" BuildInfo="12.0.560.0">
    <HashInfo SerialKey="" />
    <AutomationDeviceInfo DeviceType="DXR2.E12P" SVS="300" Units="0" />
  </DocumentHeader>
  <Entity Type="40">
    <Property Name="Node_Type" Value="10" Type="Siemens.BASys.BAModel.Logic.EnumValue`1[Siemens.BASys.SDUDefinitions.BADefs.EBA_NodeType_SemanticTag]" />
    <Property Name="Node_Subtype" Value="RSegmMnFtr11" Type="Siemens.BASys.BAModel.Logic.StringValue" />
    <Property Name="Reliability" Value="0" Type="Siemens.BASys.BAModel.Logic.EnumValue`1[Siemens.BASys.SDUDefinitions.BADefs.EBACnetReliability]" />
    <Property Name="Subordinate_List" Value="[(Unassigned|STR_VIEW,349)|(Unassigned|Unassigned)|(Unassigned|Unassigned)|(Unassigned|Unassigned)|(Unassigned|Unassigned)|(Unassigned|Unassigned)|(Unassigned|Unassigned)]" Type="Siemens.BASys.BAModel.Logic.ArrayValue" />
    <Property Name="Subordinate_Annotations" Value="[HVAC|Lgt1|Lgt2|Lgt3|Lgt4|Shd1|Shd2]" Type="Siemens.BASys.BAModel.Logic.StringValueArray" />
    <Property Name="Ds1_Subordinate_Attributes" Value="[{False}|{False}|{False}|{False}|{False}|{False}|{False}]" Type="Siemens.BASys.BAModel.Logic.ArrayValue" />
    <Property Name="Ds1_Main_Index" Value="0" Type="Siemens.BASys.BAModel.Logic.Value`1[System.Int32]" />
    <Property Name="Ds1_Ba_Object_Access" Value="0" Type="Siemens.BASys.BAModel.Logic.EnumValue`1[Siemens.BASys.SDUDefinitions.BADefs.EReadWriteAccessSensitivity]" />
    <Property Name="Ds1_Ba_Object_Usage" Value="0" Type="Siemens.BASys.BAModel.Logic.EnumValue`1[Siemens.BASys.SDUDefinitions.BADefs.EBA_Object_Usage]" />
    <Property Name="Description" Value="Room segment main feature" Type="Siemens.BASys.BAModel.Logic.StringValue" />
    <Property Name="Ds1_App_Config_Extension" Value="0" Type="Siemens.BASys.BAModel.Logic.EnumValue" />
    <Property Name="Object_Name" Value="Segment_208_1'RSegmMnFtr" Type="Siemens.BASys.BAModel.Logic.StringValue" />
    <Property Name="Object_Identifier" Value="121635258" Type="Siemens.BASys.BAModel.Logic.ObjectIdentifierValue" />
    <Property Name="Object_Type" Value="29" Type="Siemens.BASys.BAModel.Logic.EnumValue`1[Siemens.BASys.SDUDefinitions.BADefs.EBACnetObjectType]" />
    <Property Name="Ds1_Ba_Prototype" Value="40" Type="Siemens.BASys.BAModel.Logic.EnumValue`1[Siemens.BASys.SDUDefinitions.BADefs.EBA_ObjPrototypeName]" />
    <Property Name="Profile_Name" Value="7-BA-RDS1-040-SBCv13.20" Type="Siemens.BASys.BAModel.Logic.StringValue" />
    <Property Name="InterfaceName" Value="RSegmMnFtr" Type="String" />
    <Property Name="IsOwned" Value="True" Type="System.Boolean" />
    <Property Name="AutoConnect" Value="True" />
    <Property Name="Node_SubtypeRef" Value="TxG_BA_27670.31" />
    <Property Name="PartName" Value="RSegmMnFtr" Type="TxG_BA_27670.32" />
    <Property Name="BaseName" Value="RSegmMnFtr" Type="TxG_BA_27670.32" />
    <Property Name="TagAttribute" Value="None" Type="TagEnum" />
    <Property Name="DescriptionTextRef" Value="TxG_BA_27671.32" />
    <Property Name="Comment" Value="Version: 1.0002" IsDefault="False" Type="System.String" />
    <Property Name="ConnectedTo" Value="" />
    <OwnedBAObjects>
      <BAObject Name="HVAC" Type="29,442Link29,349" Id="1" BaseName="HVAC" BaseNameTextRef="TxG_BA_24865.11" TagAttribute="None">
        <Property Name="AutoConnect" Value="True" />
      </BAObject>
      <BAObject Name="Lgt1" Id="2" BaseName="Lgt1" BaseNameTextRef="TxG_BA_25041.0" TagAttribute="None">
        <Property Name="AutoConnect" Value="True" />
      </BAObject>
      <BAObject Name="Lgt2" Id="3" BaseName="Lgt2" BaseNameTextRef="TxG_BA_25041.1" TagAttribute="None">
        <Property Name="AutoConnect" Value="True" />
      </BAObject>
      <BAObject Name="Lgt3" Id="4" BaseName="Lgt3" BaseNameTextRef="TxG_BA_25041.2" TagAttribute="None">
        <Property Name="AutoConnect" Value="True" />
      </BAObject>
      <BAObject Name="Lgt4" Id="5" BaseName="Lgt4" BaseNameTextRef="TxG_BA_25041.3" TagAttribute="None">
        <Property Name="AutoConnect" Value="True" />
      </BAObject>
      <BAObject Name="Shd1" Id="6" BaseName="Shd1" BaseNameTextRef="TxG_BA_27668.106" TagAttribute="None">
        <Property Name="AutoConnect" Value="True" />
      </BAObject>
      <BAObject Name="Shd2" Id="7" BaseName="Shd2" BaseNameTextRef="TxG_BA_27668.107" TagAttribute="None">
        <Property Name="AutoConnect" Value="True" />
      </BAObject>
      <BAObject Name="NULL" Id="8" />
      <BAObject Name="NULL" Id="9" />
      <BAObject Name="NULL" Id="10" />
      <BAObject Name="NULL" Id="11" />
      <BAObject Name="NULL" Id="12" />
      <BAObject Name="NULL" Id="13" />
      <BAObject Name="NULL" Id="14" />
    </OwnedBAObjects>
    <BoundedCharts>
      <Chart Name="Chart_Segment_208_1'RSegmMnFtr@RMnFtr11.xml" />
    </BoundedCharts>
  </Entity>
</LMT>