﻿<?xml version="1.0" encoding="utf-8"?>
<LMT xmlns:xsi="http://www.w3.org/2001/XMLSchema-instance" xmlns:xsd="http://www.w3.org/2001/XMLSchema">
  <DocumentHeader SchemaVersion="1.2" ModificationDate="2014-11-11T15:31:11.8483053+01:00" CreationID="4" BuildInfo="12.0.560.0">
    <HashInfo SerialKey="" />
    <AutomationDeviceInfo DeviceType="DXR2.E12P" SVS="300" Units="0" />
  </DocumentHeader>
  <Entity Type="47">
    <Property Name="Event_Enable" Value="{True|True|True}" Type="Siemens.BASys.BAModel.Logic.BitStringValue" />
    <Property Name="Event_Detection_Enable" Value="False" Type="Siemens.BASys.BAModel.Logic.BoolValue" />
    <Property Name="Event_Algorithm_Inhibit" Value="False" Type="Siemens.BASys.BAModel.Logic.BoolValue" />
    <Property Name="Ds1_Event_Notification_Inhibit" Value="False" Type="Siemens.BASys.BAModel.Logic.BoolValue" />
    <Property Name="Object_Property_Reference" Value="(MVAL,344|Present value|65535|Unassigned|Sta)" Type="Siemens.BASys.BAModel.Logic.SequenceValue" />
    <Property Name="Event_Parameters" Type="Siemens.BASys.BAModel.Logic.ChoiceValue" />
    <Property Name="Event_Message_Texts_Config" Value="[To offnormal|To fault|To normal]" Type="Siemens.BASys.BAModel.Logic.StringValueArray" />
    <Property Name="Event_Message_Texts" Value="[To offnormal|To offnormal|To fault|To normal]" Type="Siemens.BASys.BAModel.Logic.StringValueArray" />
    <Property Name="Status_Flags" Value="{False|False|False|False}" Type="Siemens.BASys.BAModel.Logic.BitStringValue" />
    <Property Name="Reliability" Value="0" Type="Siemens.BASys.BAModel.Logic.EnumValue`1[Siemens.BASys.SDUDefinitions.BADefs.EBACnetReliability]" />
    <Property Name="Notify_Type" Value="0" Type="Siemens.BASys.BAModel.Logic.EnumValue`1[Siemens.BASys.BAModel.Logic.EBACnet_Notify_Type_Subset]" />
    <Property Name="Notification_Class" Value="15" Type="Siemens.BASys.BAModel.Logic.Value`1[System.Int32]" />
    <Property Name="Time_Delay_Normal" Value="0" Type="Siemens.BASys.BAModel.Logic.TimeDurationValue" />
    <Property Name="Ds1_Time_Delay_Reliability" Value="0" Type="Siemens.BASys.BAModel.Logic.TimeDurationValue" />
    <Property Name="Event_Type" Value="1" Type="Siemens.BASys.BAModel.Logic.EnumValue" />
    <Property Name="Ds1_Event_Enable_Config" Value="{True|True|True}" Type="Siemens.BASys.BAModel.Logic.BitStringValue" />
    <Property Name="Event_State" Value="0" Type="Siemens.BASys.BAModel.Logic.EnumValue`1[Siemens.BASys.SDUDefinitions.BADefs.EBACnetEventState]" />
    <Property Name="Event_Time_Stamps" Value="[(DateAndTime:*)|(DateAndTime:*)|(DateAndTime:*)]" Type="Siemens.BASys.BAModel.Logic.ArrayValue" />
    <Property Name="Acked_Transitions" Value="{True|True|True}" Type="Siemens.BASys.BAModel.Logic.BitStringValue" />
    <Property Name="Ds1_Ack_Time_Stamps" Value="[*|*|*]" Type="Siemens.BASys.BAModel.Logic.ArrayValue" />
    <Property Name="Ds1_Ack_Credentials" Value="[To offnormal|To offnormal|To fault|To normal]" Type="Siemens.BASys.BAModel.Logic.StringValueArray" />
    <Property Name="Ds1_Ba_Object_Access" Value="6" Type="Siemens.BASys.BAModel.Logic.EnumValue`1[Siemens.BASys.SDUDefinitions.BADefs.EReadWriteAccessSensitivity]" />
    <Property Name="Ds1_Ba_Object_Usage" Value="0" Type="Siemens.BASys.BAModel.Logic.EnumValue`1[Siemens.BASys.SDUDefinitions.BADefs.EBA_Object_Usage]" />
    <Property Name="Description" Value="Monitoring state" Type="Siemens.BASys.BAModel.Logic.StringValue" />
    <Property Name="Object_Name" Value="Segment_208_1'StaMon" Type="Siemens.BASys.BAModel.Logic.StringValue" />
    <Property Name="Object_Identifier" Value="37748746" Type="Siemens.BASys.BAModel.Logic.ObjectIdentifierValue" />
    <Property Name="Object_Type" Value="9" Type="Siemens.BASys.BAModel.Logic.EnumValue`1[Siemens.BASys.SDUDefinitions.BADefs.EBACnetObjectType]" />
    <Property Name="Ds1_Ba_Prototype" Value="47" Type="Siemens.BASys.BAModel.Logic.EnumValue`1[Siemens.BASys.SDUDefinitions.BADefs.EBA_ObjPrototypeName]" />
    <Property Name="Profile_Name" Value="7-BA-RDS1-047-SBCv13.20" Type="Siemens.BASys.BAModel.Logic.StringValue" />
    <Property Name="InterfaceName" Value="StaMon" Type="String" />
    <Property Name="IsOwned" Value="True" Type="System.Boolean" />
    <Property Name="AutoConnect" Value="True" />
    <Property Name="PartName" Value="StaMon" Type="TxG_BA_27982.0" />
    <Property Name="BaseName" Value="StaMon" Type="TxG_BA_27982.0" />
    <Property Name="TagAttribute" Value="None" Type="TagEnum" />
    <Property Name="DescriptionTextRef" Value="TxG_BA_27983.0" />
  </Entity>
</LMT>